date,division,pdsi
1895-01-01,7,0.42
1895-02-01,7,0.6
1895-03-01,7,0.71
1895-04-01,7,0.48
1895-05-01,7,0.51
1895-06-01,7,0.86
1895-07-01,7,0.97
1895-08-01,7,0.96
1895-09-01,7,0.85
1895-10-01,7,0.3
1895-11-01,7,0.75
1895-12-01,7,0.4
1896-01-01,7,0.27
1896-02-01,7,0.41
1896-03-01,7,0.84
1896-04-01,7,2.9
1896-05-01,7,2.8
1896-06-01,7,3.07
1896-07-01,7,2.89
1896-08-01,7,2.07
1896-09-01,7,2.35
1896-10-01,7,2.78
1896-11-01,7,3.24
1896-12-01,7,2.92
1897-01-01,7,4.12
1897-02-01,7,4.13
1897-03-01,7,4.7
1897-04-01,7,5.2
1897-05-01,7,4.06
1897-06-01,7,4.11
1897-07-01,7,4.85
1897-08-01,7,5.1
1897-09-01,7,4.51
1897-10-01,7,4.3
1897-11-01,7,-0.04
1897-12-01,7,-0.04
1898-01-01,7,-0.35
1898-02-01,7,-0.45
1898-03-01,7,-0.59
1898-04-01,7,-0.73
1898-05-01,7,0.8
1898-06-01,7,-0.66
1898-07-01,7,-0.18
1898-08-01,7,-0.7
1898-09-01,7,-1.0
1898-10-01,7,-0.62
1898-11-01,7,-0.88
1898-12-01,7,-1.21
1899-01-01,7,-1.26
1899-02-01,7,-1.41
1899-03-01,7,-1.62
1899-04-01,7,-1.64
1899-05-01,7,0.44
1899-06-01,7,0.4
1899-07-01,7,-0.49
1899-08-01,7,0.68
1899-09-01,7,-0.72
1899-10-01,7,-0.27
1899-11-01,7,-0.82
1899-12-01,7,-1.0
1900-01-01,7,-1.26
1900-02-01,7,-1.51
1900-03-01,7,-1.1
1900-04-01,7,-1.37
1900-05-01,7,-2.45
1900-06-01,7,-2.83
1900-07-01,7,1.3
1900-08-01,7,2.93
1900-09-01,7,4.13
1900-10-01,7,4.09
1900-11-01,7,3.53
1900-12-01,7,3.1
1901-01-01,7,2.64
1901-02-01,7,2.28
1901-03-01,7,1.9
1901-04-01,7,1.51
1901-05-01,7,0.94
1901-06-01,7,1.92
1901-07-01,7,1.37
1901-08-01,7,1.18
1901-09-01,7,3.59
1901-10-01,7,3.46
1901-11-01,7,3.08
1901-12-01,7,3.02
1902-01-01,7,2.88
1902-02-01,7,2.68
1902-03-01,7,3.2
1902-04-01,7,2.96
1902-05-01,7,2.73
1902-06-01,7,2.83
1902-07-01,7,2.88
1902-08-01,7,3.98
1902-09-01,7,3.09
1902-10-01,7,2.66
1902-11-01,7,2.3
1902-12-01,7,3.11
1903-01-01,7,2.76
1903-02-01,7,2.53
1903-03-01,7,2.54
1903-04-01,7,2.19
1903-05-01,7,2.43
1903-06-01,7,2.27
1903-07-01,7,3.05
1903-08-01,7,3.79
1903-09-01,7,4.57
1903-10-01,7,4.3
1903-11-01,7,3.83
1903-12-01,7,3.82
1904-01-01,7,3.4
1904-02-01,7,3.18
1904-03-01,7,2.68
1904-04-01,7,2.87
1904-05-01,7,2.57
1904-06-01,7,2.69
1904-07-01,7,3.15
1904-08-01,7,3.22
1904-09-01,7,-0.33
1904-10-01,7,-0.01
1904-11-01,7,-0.57
1904-12-01,7,-0.59
1905-01-01,7,-0.54
1905-02-01,7,-0.5
1905-03-01,7,-1.03
1905-04-01,7,-1.51
1905-05-01,7,1.99
1905-06-01,7,3.56
1905-07-01,7,4.27
1905-08-01,7,5.08
1905-09-01,7,4.63
1905-10-01,7,4.79
1905-11-01,7,5.23
1905-12-01,7,4.66
1906-01-01,7,4.39
1906-02-01,7,3.95
1906-03-01,7,4.05
1906-04-01,7,3.93
1906-05-01,7,4.32
1906-06-01,7,4.43
1906-07-01,7,4.12
1906-08-01,7,5.84
1906-09-01,7,6.53
1906-10-01,7,7.09
1906-11-01,7,6.9
1906-12-01,7,6.64
1907-01-01,7,6.92
1907-02-01,7,6.46
1907-03-01,7,5.96
1907-04-01,7,5.48
1907-05-01,7,5.81
1907-06-01,7,5.65
1907-07-01,7,6.23
1907-08-01,7,5.31
1907-09-01,7,4.82
1907-10-01,7,4.16
1907-11-01,7,3.27
1907-12-01,7,2.94
1908-01-01,7,2.38
1908-02-01,7,2.72
1908-03-01,7,2.52
1908-04-01,7,2.31
1908-05-01,7,3.24
1908-06-01,7,4.24
1908-07-01,7,4.55
1908-08-01,7,4.56
1908-09-01,7,4.12
1908-10-01,7,4.27
1908-11-01,7,4.6
1908-12-01,7,4.46
1909-01-01,7,4.49
1909-02-01,7,4.74
1909-03-01,7,4.21
1909-04-01,7,3.65
1909-05-01,7,4.01
1909-06-01,7,3.66
1909-07-01,7,4.09
1909-08-01,7,4.86
1909-09-01,7,4.25
1909-10-01,7,4.18
1909-11-01,7,4.15
1909-12-01,7,4.77
1910-01-01,7,5.2
1910-02-01,7,4.86
1910-03-01,7,-0.69
1910-04-01,7,-0.88
1910-05-01,7,-1.27
1910-06-01,7,-1.63
1910-07-01,7,-1.71
1910-08-01,7,-1.58
1910-09-01,7,-1.82
1910-10-01,7,-2.27
1910-11-01,7,-2.5
1910-12-01,7,-2.52
1911-01-01,7,-2.39
1911-02-01,7,-2.31
1911-03-01,7,-2.98
1911-04-01,7,-3.4
1911-05-01,7,-3.74
1911-06-01,7,-4.85
1911-07-01,7,-4.76
1911-08-01,7,0.26
1911-09-01,7,0.66
1911-10-01,7,1.68
1911-11-01,7,1.38
1911-12-01,7,1.28
1912-01-01,7,1.03
1912-02-01,7,0.64
1912-03-01,7,0.04
1912-04-01,7,0.91
1912-05-01,7,0.85
1912-06-01,7,0.28
1912-07-01,7,1.05
1912-08-01,7,1.82
1912-09-01,7,1.78
1912-10-01,7,-0.53
1912-11-01,7,-1.08
1912-12-01,7,-1.23
1913-01-01,7,-1.5
1913-02-01,7,-1.7
1913-03-01,7,-1.94
1913-04-01,7,-2.09
1913-05-01,7,-1.15
1913-06-01,7,-1.72
1913-07-01,7,-0.93
1913-08-01,7,-1.2
1913-09-01,7,-1.54
1913-10-01,7,-1.2
1913-11-01,7,-1.51
1913-12-01,7,-1.75
1914-01-01,7,-1.69
1914-02-01,7,-1.61
1914-03-01,7,-2.06
1914-04-01,7,0.31
1914-05-01,7,1.24
1914-06-01,7,3.55
1914-07-01,7,3.06
1914-08-01,7,2.91
1914-09-01,7,3.58
1914-10-01,7,3.78
1914-11-01,7,2.88
1914-12-01,7,2.52
1915-01-01,7,2.24
1915-02-01,7,2.8
1915-03-01,7,2.49
1915-04-01,7,2.0
1915-05-01,7,2.11
1915-06-01,7,2.75
1915-07-01,7,4.28
1915-08-01,7,4.32
1915-09-01,7,4.66
1915-10-01,7,4.52
1915-11-01,7,4.07
1915-12-01,7,3.94
1916-01-01,7,4.74
1916-02-01,7,4.48
1916-03-01,7,4.47
1916-04-01,7,4.27
1916-05-01,7,5.03
1916-06-01,7,5.1
1916-07-01,7,4.67
1916-08-01,7,5.81
1916-09-01,7,5.16
1916-10-01,7,4.47
1916-11-01,7,3.59
1916-12-01,7,3.44
1917-01-01,7,4.03
1917-02-01,7,3.66
1917-03-01,7,3.8
1917-04-01,7,4.56
1917-05-01,7,4.08
1917-06-01,7,3.6
1917-07-01,7,3.27
1917-08-01,7,2.66
1917-09-01,7,3.01
1917-10-01,7,-0.35
1917-11-01,7,-1.0
1917-12-01,7,-1.12
1918-01-01,7,-1.06
1918-02-01,7,-1.19
1918-03-01,7,-1.66
1918-04-01,7,-0.03
1918-05-01,7,0.6
1918-06-01,7,0.26
1918-07-01,7,1.12
1918-08-01,7,1.36
1918-09-01,7,0.78
1918-10-01,7,0.58
1918-11-01,7,1.5
1918-12-01,7,2.05
1919-01-01,7,1.7
1919-02-01,7,2.12
1919-03-01,7,2.13
1919-04-01,7,2.59
1919-05-01,7,2.89
1919-06-01,7,3.77
1919-07-01,7,4.57
1919-08-01,7,4.01
1919-09-01,7,3.34
1919-10-01,7,3.43
1919-11-01,7,4.14
1919-12-01,7,3.64
1920-01-01,7,3.27
1920-02-01,7,2.98
1920-03-01,7,3.48
1920-04-01,7,4.31
1920-05-01,7,5.07
1920-06-01,7,6.27
1920-07-01,7,6.6
1920-08-01,7,6.51
1920-09-01,7,5.97
1920-10-01,7,5.04
1920-11-01,7,5.03
1920-12-01,7,4.63
1921-01-01,7,4.13
1921-02-01,7,3.45
1921-03-01,7,3.45
1921-04-01,7,3.13
1921-05-01,7,2.9
1921-06-01,7,1.3
1921-07-01,7,1.74
1921-08-01,7,1.95
1921-09-01,7,3.72
1921-10-01,7,3.18
1921-11-01,7,2.93
1921-12-01,7,2.52
1922-01-01,7,2.92
1922-02-01,7,3.78
1922-03-01,7,3.79
1922-04-01,7,3.22
1922-05-01,7,3.18
1922-06-01,7,-0.2
1922-07-01,7,-0.14
1922-08-01,7,-0.8
1922-09-01,7,-1.82
1922-10-01,7,-2.15
1922-11-01,7,1.62
1922-12-01,7,-0.08
1923-01-01,7,0.11
1923-02-01,7,-0.26
1923-03-01,7,-0.62
1923-04-01,7,-0.39
1923-05-01,7,-0.54
1923-06-01,7,0.71
1923-07-01,7,0.97
1923-08-01,7,1.09
1923-09-01,7,1.2
1923-10-01,7,-0.19
1923-11-01,7,-0.63
1923-12-01,7,-0.81
1924-01-01,7,-1.09
1924-02-01,7,-1.05
1924-03-01,7,-0.77
1924-04-01,7,-0.94
1924-05-01,7,-1.14
1924-06-01,7,1.59
1924-07-01,7,1.6
1924-08-01,7,2.93
1924-09-01,7,2.98
1924-10-01,7,2.62
1924-11-01,7,2.14
1924-12-01,7,2.24
1925-01-01,7,2.28
1925-02-01,7,-0.17
1925-03-01,7,-0.76
1925-04-01,7,-1.12
1925-05-01,7,-1.96
1925-06-01,7,-0.65
1925-07-01,7,-0.71
1925-08-01,7,-1.5
1925-09-01,7,-2.02
1925-10-01,7,-2.0
1925-11-01,7,-1.91
1925-12-01,7,-1.94
1926-01-01,7,-1.19
1926-02-01,7,-1.45
1926-03-01,7,-2.06
1926-04-01,7,-3.03
1926-05-01,7,-3.63
1926-06-01,7,-3.8
1926-07-01,7,-3.89
1926-08-01,7,-3.56
1926-09-01,7,0.62
1926-10-01,7,0.98
1926-11-01,7,0.79
1926-12-01,7,0.71
1927-01-01,7,0.41
1927-02-01,7,0.11
1927-03-01,7,0.08
1927-04-01,7,1.34
1927-05-01,7,2.27
1927-06-01,7,1.69
1927-07-01,7,2.56
1927-08-01,7,2.42
1927-09-01,7,-0.07
1927-10-01,7,-0.51
1927-11-01,7,-0.48
1927-12-01,7,0.62
1928-01-01,7,-0.24
1928-02-01,7,-0.25
1928-03-01,7,-0.75
1928-04-01,7,-0.99
1928-05-01,7,-1.92
1928-06-01,7,0.18
1928-07-01,7,0.33
1928-08-01,7,0.75
1928-09-01,7,0.7
1928-10-01,7,0.89
1928-11-01,7,1.11
1928-12-01,7,0.74
1929-01-01,7,1.45
1929-02-01,7,1.47
1929-03-01,7,1.69
1929-04-01,7,2.26
1929-05-01,7,-0.21
1929-06-01,7,-1.08
1929-07-01,7,-1.06
1929-08-01,7,-1.61
1929-09-01,7,1.29
1929-10-01,7,1.81
1929-11-01,7,-0.13
1929-12-01,7,-0.3
1930-01-01,7,0.15
1930-02-01,7,0.4
1930-03-01,7,-0.29
1930-04-01,7,-0.46
1930-05-01,7,0.43
1930-06-01,7,-0.27
1930-07-01,7,-1.22
1930-08-01,7,-1.4
1930-09-01,7,0.03
1930-10-01,7,0.42
1930-11-01,7,1.05
1930-12-01,7,-0.33
1931-01-01,7,-0.58
1931-02-01,7,-0.79
1931-03-01,7,-1.04
1931-04-01,7,-1.69
1931-05-01,7,-1.77
1931-06-01,7,-2.64
1931-07-01,7,-3.69
1931-08-01,7,-4.25
1931-09-01,7,-4.52
1931-10-01,7,-4.31
1931-11-01,7,-3.9
1931-12-01,7,-2.86
1932-01-01,7,-2.43
1932-02-01,7,-2.53
1932-03-01,7,-2.67
1932-04-01,7,-2.63
1932-05-01,7,-2.59
1932-06-01,7,-2.49
1932-07-01,7,-3.05
1932-08-01,7,-2.68
1932-09-01,7,-2.61
1932-10-01,7,-2.59
1932-11-01,7,-2.7
1932-12-01,7,-2.69
1933-01-01,7,-2.85
1933-02-01,7,-3.07
1933-03-01,7,-3.02
1933-04-01,7,-3.6
1933-05-01,7,-3.66
1933-06-01,7,-5.07
1933-07-01,7,-5.4
1933-08-01,7,-5.74
1933-09-01,7,-5.63
1933-10-01,7,-5.93
1933-11-01,7,-5.89
1933-12-01,7,-5.4
1934-01-01,7,-5.29
1934-02-01,7,-5.43
1934-03-01,7,-5.6
1934-04-01,7,-6.56
1934-05-01,7,-8.07
1934-06-01,7,-8.19
1934-07-01,7,-8.34
1934-08-01,7,-8.54
1934-09-01,7,-6.9
1934-10-01,7,-6.56
1934-11-01,7,-6.35
1934-12-01,7,-6.11
1935-01-01,7,-5.81
1935-02-01,7,-5.62
1935-03-01,7,-5.35
1935-04-01,7,-3.51
1935-05-01,7,-3.34
1935-06-01,7,-2.93
1935-07-01,7,-2.79
1935-08-01,7,-2.09
1935-09-01,7,-2.91
1935-10-01,7,-3.24
1935-11-01,7,-3.11
1935-12-01,7,-2.76
1936-01-01,7,-2.42
1936-02-01,7,-1.97
1936-03-01,7,-2.09
1936-04-01,7,-1.99
1936-05-01,7,-2.44
1936-06-01,7,-3.22
1936-07-01,7,-4.84
1936-08-01,7,-4.78
1936-09-01,7,-5.36
1936-10-01,7,-5.47
1936-11-01,7,-4.94
1936-12-01,7,-4.55
1937-01-01,7,-3.75
1937-02-01,7,-3.6
1937-03-01,7,-2.91
1937-04-01,7,-1.85
1937-05-01,7,-2.0
1937-06-01,7,-1.83
1937-07-01,7,-2.18
1937-08-01,7,-2.63
1937-09-01,7,-3.08
1937-10-01,7,-3.24
1937-11-01,7,-3.32
1937-12-01,7,-2.93
1938-01-01,7,-2.63
1938-02-01,7,-2.39
1938-03-01,7,-2.41
1938-04-01,7,-1.71
1938-05-01,7,-0.92
1938-06-01,7,-1.08
1938-07-01,7,-1.09
1938-08-01,7,-1.63
1938-09-01,7,-1.31
1938-10-01,7,-2.25
1938-11-01,7,-2.35
1938-12-01,7,-2.41
1939-01-01,7,-1.46
1939-02-01,7,-1.28
1939-03-01,7,-1.87
1939-04-01,7,-2.38
1939-05-01,7,-2.62
1939-06-01,7,-2.03
1939-07-01,7,-2.31
1939-08-01,7,-2.72
1939-09-01,7,-3.28
1939-10-01,7,-3.17
1939-11-01,7,-3.68
1939-12-01,7,-3.79
1940-01-01,7,-3.97
1940-02-01,7,-3.79
1940-03-01,7,-3.1
1940-04-01,7,-3.0
1940-05-01,7,-3.8
1940-06-01,7,-3.57
1940-07-01,7,-4.19
1940-08-01,7,-3.06
1940-09-01,7,-3.85
1940-10-01,7,-4.03
1940-11-01,7,-3.59
1940-12-01,7,-3.37
1941-01-01,7,-2.92
1941-02-01,7,-3.0
1941-03-01,7,-3.48
1941-04-01,7,-2.32
1941-05-01,7,-2.86
1941-06-01,7,-2.59
1941-07-01,7,-3.05
1941-08-01,7,-3.47
1941-09-01,7,0.29
1941-10-01,7,1.11
1941-11-01,7,-0.43
1941-12-01,7,-0.57
1942-01-01,7,-0.93
1942-02-01,7,-1.17
1942-03-01,7,0.91
1942-04-01,7,0.82
1942-05-01,7,3.07
1942-06-01,7,2.92
1942-07-01,7,3.4
1942-08-01,7,3.54
1942-09-01,7,4.23
1942-10-01,7,3.73
1942-11-01,7,3.06
1942-12-01,7,2.69
1943-01-01,7,2.66
1943-02-01,7,2.56
1943-03-01,7,2.33
1943-04-01,7,1.31
1943-05-01,7,1.28
1943-06-01,7,1.93
1943-07-01,7,2.04
1943-08-01,7,2.69
1943-09-01,7,2.22
1943-10-01,7,2.67
1943-11-01,7,2.47
1943-12-01,7,1.9
1944-01-01,7,2.45
1944-02-01,7,2.39
1944-03-01,7,2.12
1944-04-01,7,2.56
1944-05-01,7,2.72
1944-06-01,7,3.05
1944-07-01,7,3.91
1944-08-01,7,5.62
1944-09-01,7,5.36
1944-10-01,7,4.56
1944-11-01,7,4.86
1944-12-01,7,4.29
1945-01-01,7,4.13
1945-02-01,7,4.12
1945-03-01,7,3.9
1945-04-01,7,3.63
1945-05-01,7,4.14
1945-06-01,7,4.83
1945-07-01,7,4.95
1945-08-01,7,4.64
1945-09-01,7,4.49
1945-10-01,7,3.55
1945-11-01,7,3.11
1945-12-01,7,3.12
1946-01-01,7,2.55
1946-02-01,7,2.63
1946-03-01,7,3.01
1946-04-01,7,2.01
1946-05-01,7,1.91
1946-06-01,7,2.48
1946-07-01,7,2.57
1946-08-01,7,1.81
1946-09-01,7,3.19
1946-10-01,7,4.91
1946-11-01,7,5.16
1946-12-01,7,4.91
1947-01-01,7,4.77
1947-02-01,7,4.39
1947-03-01,7,4.21
1947-04-01,7,5.02
1947-05-01,7,4.07
1947-06-01,7,4.82
1947-07-01,7,3.92
1947-08-01,7,2.69
1947-09-01,7,2.66
1947-10-01,7,2.44
1947-11-01,7,3.64
1947-12-01,7,3.09
1948-01-01,7,2.63
1948-02-01,7,2.76
1948-03-01,7,2.16
1948-04-01,7,2.3
1948-05-01,7,1.58
1948-06-01,7,2.41
1948-07-01,7,3.31
1948-08-01,7,3.61
1948-09-01,7,3.35
1948-10-01,7,3.08
1948-11-01,7,-0.05
1948-12-01,7,-0.31
1949-01-01,7,0.39
1949-02-01,7,-0.33
1949-03-01,7,-0.08
1949-04-01,7,-0.85
1949-05-01,7,-1.12
1949-06-01,7,-1.55
1949-07-01,7,-1.78
1949-08-01,7,-2.5
1949-09-01,7,0.35
1949-10-01,7,0.51
1949-11-01,7,-0.44
1949-12-01,7,-0.09
1950-01-01,7,-0.09
1950-02-01,7,-0.31
1950-03-01,7,-0.31
1950-04-01,7,0.07
1950-05-01,7,0.66
1950-06-01,7,-1.03
1950-07-01,7,0.24
1950-08-01,7,0.06
1950-09-01,7,0.85
1950-10-01,7,0.93
1950-11-01,7,0.7
1950-12-01,7,0.46
1951-01-01,7,0.22
1951-02-01,7,0.09
1951-03-01,7,0.31
1951-04-01,7,0.24
1951-05-01,7,0.49
1951-06-01,7,1.82
1951-07-01,7,2.07
1951-08-01,7,3.56
1951-09-01,7,3.2
1951-10-01,7,3.48
1951-11-01,7,3.03
1951-12-01,7,3.72
1952-01-01,7,4.34
1952-02-01,7,4.45
1952-03-01,7,4.32
1952-04-01,7,-0.57
1952-05-01,7,-1.14
1952-06-01,7,-0.82
1952-07-01,7,-1.18
1952-08-01,7,-1.37
1952-09-01,7,-2.32
1952-10-01,7,-2.84
1952-11-01,7,-2.43
1952-12-01,7,-2.49
1953-01-01,7,-0.01
1953-02-01,7,0.5
1953-03-01,7,0.31
1953-04-01,7,1.65
1953-05-01,7,1.73
1953-06-01,7,2.72
1953-07-01,7,3.65
1953-08-01,7,3.55
1953-09-01,7,-0.58
1953-10-01,7,-1.26
1953-11-01,7,-1.14
1953-12-01,7,0.4
1954-01-01,7,0.14
1954-02-01,7,0.06
1954-03-01,7,0.28
1954-04-01,7,0.07
1954-05-01,7,0.2
1954-06-01,7,0.55
1954-07-01,7,-0.53
1954-08-01,7,-0.84
1954-09-01,7,-0.45
1954-10-01,7,-0.26
1954-11-01,7,-0.73
1954-12-01,7,-1.07
1955-01-01,7,-1.27
1955-02-01,7,-0.99
1955-03-01,7,-1.74
1955-04-01,7,-2.47
1955-05-01,7,-3.22
1955-06-01,7,-3.13
1955-07-01,7,-3.22
1955-08-01,7,-3.44
1955-09-01,7,-3.84
1955-10-01,7,-4.35
1955-11-01,7,-4.41
1955-12-01,7,-3.52
1956-01-01,7,-3.19
1956-02-01,7,-3.28
1956-03-01,7,-3.42
1956-04-01,7,-3.34
1956-05-01,7,-3.4
1956-06-01,7,-3.59
1956-07-01,7,0.63
1956-08-01,7,2.16
1956-09-01,7,1.56
1956-10-01,7,1.21
1956-11-01,7,1.37
1956-12-01,7,0.99
1957-01-01,7,0.63
1957-02-01,7,0.58
1957-03-01,7,0.03
1957-04-01,7,0.26
1957-05-01,7,1.69
1957-06-01,7,2.0
1957-07-01,7,1.84
1957-08-01,7,1.94
1957-09-01,7,2.16
1957-10-01,7,2.48
1957-11-01,7,2.76
1957-12-01,7,2.43
1958-01-01,7,1.99
1958-02-01,7,2.21
1958-03-01,7,-0.09
1958-04-01,7,0.15
1958-05-01,7,-0.45
1958-06-01,7,-0.48
1958-07-01,7,-0.1
1958-08-01,7,-0.83
1958-09-01,7,-1.37
1958-10-01,7,-2.09
1958-11-01,7,-1.73
1958-12-01,7,-1.8
1959-01-01,7,-1.88
1959-02-01,7,-1.83
1959-03-01,7,-2.65
1959-04-01,7,-3.52
1959-05-01,7,-2.9
1959-06-01,7,-3.65
1959-07-01,7,-4.07
1959-08-01,7,-4.13
1959-09-01,7,0.27
1959-10-01,7,0.83
1959-11-01,7,0.72
1959-12-01,7,0.92
1960-01-01,7,0.91
1960-02-01,7,0.74
1960-03-01,7,0.51
1960-04-01,7,0.71
1960-05-01,7,0.69
1960-06-01,7,1.16
1960-07-01,7,0.67
1960-08-01,7,2.2
1960-09-01,7,2.1
1960-10-01,7,1.48
1960-11-01,7,1.53
1960-12-01,7,1.83
1961-01-01,7,-0.22
1961-02-01,7,-0.27
1961-03-01,7,-0.76
1961-04-01,7,-1.06
1961-05-01,7,1.17
1961-06-01,7,1.19
1961-07-01,7,1.29
1961-08-01,7,0.87
1961-09-01,7,0.9
1961-10-01,7,1.52
1961-11-01,7,1.1
1961-12-01,7,0.95
1962-01-01,7,0.75
1962-02-01,7,1.63
1962-03-01,7,1.87
1962-04-01,7,1.87
1962-05-01,7,3.8
1962-06-01,7,4.41
1962-07-01,7,5.85
1962-08-01,7,5.51
1962-09-01,7,5.3
1962-10-01,7,-0.34
1962-11-01,7,-0.66
1962-12-01,7,-0.84
1963-01-01,7,-0.6
1963-02-01,7,-0.68
1963-03-01,7,-0.82
1963-04-01,7,-0.74
1963-05-01,7,-0.75
1963-06-01,7,-0.96
1963-07-01,7,1.97
1963-08-01,7,-0.25
1963-09-01,7,-0.15
1963-10-01,7,-0.49
1963-11-01,7,-0.65
1963-12-01,7,-0.6
1964-01-01,7,-0.87
1964-02-01,7,-1.17
1964-03-01,7,-1.18
1964-04-01,7,-0.89
1964-05-01,7,-1.23
1964-06-01,7,-1.93
1964-07-01,7,-2.19
1964-08-01,7,-1.85
1964-09-01,7,-2.11
1964-10-01,7,-2.79
1964-11-01,7,-2.99
1964-12-01,7,-2.85
1965-01-01,7,-2.96
1965-02-01,7,-3.0
1965-03-01,7,-2.99
1965-04-01,7,0.21
1965-05-01,7,1.34
1965-06-01,7,1.57
1965-07-01,7,1.21
1965-08-01,7,0.7
1965-09-01,7,2.49
1965-10-01,7,1.99
1965-11-01,7,1.77
1965-12-01,7,1.7
1966-01-01,7,1.46
1966-02-01,7,1.56
1966-03-01,7,1.41
1966-04-01,7,1.6
1966-05-01,7,-0.5
1966-06-01,7,-0.9
1966-07-01,7,0.41
1966-08-01,7,1.57
1966-09-01,7,1.58
1966-10-01,7,1.65
1966-11-01,7,-0.21
1966-12-01,7,-0.39
1967-01-01,7,0.08
1967-02-01,7,0.4
1967-03-01,7,-0.62
1967-04-01,7,-0.73
1967-05-01,7,-1.45
1967-06-01,7,1.66
1967-07-01,7,-0.2
1967-08-01,7,-0.57
1967-09-01,7,-0.74
1967-10-01,7,-0.99
1967-11-01,7,-1.4
1967-12-01,7,-1.39
1968-01-01,7,-1.51
1968-02-01,7,-1.93
1968-03-01,7,-2.8
1968-04-01,7,1.19
1968-05-01,7,0.92
1968-06-01,7,1.36
1968-07-01,7,1.82
1968-08-01,7,1.97
1968-09-01,7,2.39
1968-10-01,7,2.96
1968-11-01,7,2.75
1968-12-01,7,3.48
1969-01-01,7,3.9
1969-02-01,7,4.91
1969-03-01,7,4.48
1969-04-01,7,3.55
1969-05-01,7,3.28
1969-06-01,7,3.04
1969-07-01,7,3.74
1969-08-01,7,3.24
1969-09-01,7,2.59
1969-10-01,7,3.18
1969-11-01,7,2.62
1969-12-01,7,2.63
1970-01-01,7,2.34
1970-02-01,7,1.78
1970-03-01,7,2.01
1970-04-01,7,3.0
1970-05-01,7,2.82
1970-06-01,7,2.62
1970-07-01,7,2.44
1970-08-01,7,1.43
1970-09-01,7,0.84
1970-10-01,7,1.15
1970-11-01,7,2.03
1970-12-01,7,1.93
1971-01-01,7,1.57
1971-02-01,7,1.82
1971-03-01,7,-0.38
1971-04-01,7,-0.24
1971-05-01,7,-0.41
1971-06-01,7,-0.1
1971-07-01,7,-0.29
1971-08-01,7,-0.18
1971-09-01,7,-0.38
1971-10-01,7,1.42
1971-11-01,7,2.43
1971-12-01,7,2.48
1972-01-01,7,2.39
1972-02-01,7,2.25
1972-03-01,7,2.38
1972-04-01,7,2.88
1972-05-01,7,5.29
1972-06-01,7,4.22
1972-07-01,7,5.3
1972-08-01,7,4.45
1972-09-01,7,3.44
1972-10-01,7,3.64
1972-11-01,7,3.89
1972-12-01,7,4.11
1973-01-01,7,3.87
1973-02-01,7,3.58
1973-03-01,7,3.82
1973-04-01,7,-0.17
1973-05-01,7,-0.07
1973-06-01,7,-1.05
1973-07-01,7,-1.27
1973-08-01,7,-1.98
1973-09-01,7,-1.22
1973-10-01,7,-1.18
1973-11-01,7,-1.1
1973-12-01,7,-0.98
1974-01-01,7,-1.34
1974-02-01,7,-1.23
1974-03-01,7,-1.34
1974-04-01,7,-1.76
1974-05-01,7,-0.75
1974-06-01,7,-1.26
1974-07-01,7,-1.85
1974-08-01,7,-2.05
1974-09-01,7,-2.81
1974-10-01,7,-3.26
1974-11-01,7,-3.44
1974-12-01,7,-3.59
1975-01-01,7,-2.57
1975-02-01,7,-2.73
1975-03-01,7,-2.03
1975-04-01,7,-1.1
1975-05-01,7,-1.43
1975-06-01,7,-0.95
1975-07-01,7,-1.75
1975-08-01,7,-1.36
1975-09-01,7,-1.34
1975-10-01,7,-1.61
1975-11-01,7,-1.47
1975-12-01,7,-1.74
1976-01-01,7,-1.54
1976-02-01,7,-1.47
1976-03-01,7,-1.61
1976-04-01,7,-2.27
1976-05-01,7,-3.22
1976-06-01,7,-4.05
1976-07-01,7,-5.19
1976-08-01,7,-6.34
1976-09-01,7,-6.05
1976-10-01,7,-5.81
1976-11-01,7,-5.91
1976-12-01,7,-5.68
1977-01-01,7,-5.45
1977-02-01,7,0.46
1977-03-01,7,2.08
1977-04-01,7,1.7
1977-05-01,7,0.89
1977-06-01,7,0.7
1977-07-01,7,0.04
1977-08-01,7,0.41
1977-09-01,7,1.36
1977-10-01,7,1.87
1977-11-01,7,2.89
1977-12-01,7,3.12
1978-01-01,7,2.86
1978-02-01,7,2.75
1978-03-01,7,2.53
1978-04-01,7,3.26
1978-05-01,7,3.73
1978-06-01,7,-0.4
1978-07-01,7,-0.03
1978-08-01,7,-0.03
1978-09-01,7,-0.43
1978-10-01,7,-1.13
1978-11-01,7,-1.19
1978-12-01,7,-1.26
1979-01-01,7,0.64
1979-02-01,7,0.39
1979-03-01,7,0.79
1979-04-01,7,1.26
1979-05-01,7,1.25
1979-06-01,7,1.2
1979-07-01,7,1.86
1979-08-01,7,2.56
1979-09-01,7,-0.7
1979-10-01,7,0.72
1979-11-01,7,-0.1
1979-12-01,7,-0.35
1980-01-01,7,-0.38
1980-02-01,7,-0.35
1980-03-01,7,-0.58
1980-04-01,7,-1.38
1980-05-01,7,-2.13
1980-06-01,7,-1.44
1980-07-01,7,-1.7
1980-08-01,7,-0.89
1980-09-01,7,-1.7
1980-10-01,7,-1.46
1980-11-01,7,-1.98
1980-12-01,7,-2.22
1981-01-01,7,-2.4
1981-02-01,7,-2.38
1981-03-01,7,-2.42
1981-04-01,7,-3.41
1981-05-01,7,-4.2
1981-06-01,7,-4.57
1981-07-01,7,-4.36
1981-08-01,7,-4.22
1981-09-01,7,-4.63
1981-10-01,7,-3.99
1981-11-01,7,-3.86
1981-12-01,7,-3.5
1982-01-01,7,-2.86
1982-02-01,7,-2.96
1982-03-01,7,-2.88
1982-04-01,7,-3.08
1982-05-01,7,1.03
1982-06-01,7,0.45
1982-07-01,7,1.41
1982-08-01,7,1.42
1982-09-01,7,1.73
1982-10-01,7,3.34
1982-11-01,7,3.54
1982-12-01,7,3.43
1983-01-01,7,3.27
1983-02-01,7,2.88
1983-03-01,7,4.17
1983-04-01,7,3.79
1983-05-01,7,3.22
1983-06-01,7,3.32
1983-07-01,7,3.19
1983-08-01,7,2.5
1983-09-01,7,2.49
1983-10-01,7,2.11
1983-11-01,7,3.27
1983-12-01,7,2.98
1984-01-01,7,2.72
1984-02-01,7,2.71
1984-03-01,7,2.86
1984-04-01,7,3.42
1984-05-01,7,3.19
1984-06-01,7,5.12
1984-07-01,7,4.65
1984-08-01,7,4.54
1984-09-01,7,4.05
1984-10-01,7,5.35
1984-11-01,7,4.61
1984-12-01,7,4.48
1985-01-01,7,4.16
1985-02-01,7,3.63
1985-03-01,7,4.1
1985-04-01,7,3.59
1985-05-01,7,3.12
1985-06-01,7,2.52
1985-07-01,7,2.67
1985-08-01,7,3.42
1985-09-01,7,4.9
1985-10-01,7,4.66
1985-11-01,7,5.17
1985-12-01,7,5.04
1986-01-01,7,4.76
1986-02-01,7,4.66
1986-03-01,7,4.65
1986-04-01,7,6.62
1986-05-01,7,6.37
1986-06-01,7,5.92
1986-07-01,7,6.32
1986-08-01,7,6.42
1986-09-01,7,7.85
1986-10-01,7,6.93
1986-11-01,7,6.39
1986-12-01,7,5.58
1987-01-01,7,4.99
1987-02-01,7,4.96
1987-03-01,7,6.15
1987-04-01,7,-0.86
1987-05-01,7,-1.57
1987-06-01,7,-2.69
1987-07-01,7,-2.26
1987-08-01,7,-2.12
1987-09-01,7,-2.03
1987-10-01,7,-2.2
1987-11-01,7,-2.13
1987-12-01,7,-1.82
1988-01-01,7,-1.57
1988-02-01,7,-1.68
1988-03-01,7,-2.02
1988-04-01,7,-2.35
1988-05-01,7,-2.28
1988-06-01,7,-3.84
1988-07-01,7,-4.7
1988-08-01,7,-4.33
1988-09-01,7,-3.28
1988-10-01,7,-3.58
1988-11-01,7,-3.25
1988-12-01,7,-3.13
1989-01-01,7,-3.19
1989-02-01,7,-2.95
1989-03-01,7,-2.58
1989-04-01,7,-2.6
1989-05-01,7,-3.07
1989-06-01,7,-3.26
1989-07-01,7,-3.27
1989-08-01,7,-3.29
1989-09-01,7,-2.83
1989-10-01,7,-3.05
1989-11-01,7,-2.75
1989-12-01,7,-2.88
1990-01-01,7,-3.09
1990-02-01,7,-3.11
1990-03-01,7,-3.3
1990-04-01,7,-3.55
1990-05-01,7,0.53
1990-06-01,7,1.8
1990-07-01,7,2.38
1990-08-01,7,2.33
1990-09-01,7,-0.74
1990-10-01,7,-0.61
1990-11-01,7,-1.11
1990-12-01,7,-1.15
1991-01-01,7,-1.43
1991-02-01,7,-1.2
1991-03-01,7,-1.69
1991-04-01,7,0.82
1991-05-01,7,2.09
1991-06-01,7,2.75
1991-07-01,7,2.59
1991-08-01,7,2.57
1991-09-01,7,2.65
1991-10-01,7,2.34
1991-11-01,7,2.27
1991-12-01,7,1.73
1992-01-01,7,1.78
1992-02-01,7,1.95
1992-03-01,7,-0.15
1992-04-01,7,-0.22
1992-05-01,7,-1.15
1992-06-01,7,1.07
1992-07-01,7,2.48
1992-08-01,7,3.29
1992-09-01,7,3.5
1992-10-01,7,2.91
1992-11-01,7,3.32
1992-12-01,7,3.19
1993-01-01,7,3.1
1993-02-01,7,3.1
1993-03-01,7,3.3
1993-04-01,7,3.61
1993-05-01,7,3.83
1993-06-01,7,5.63
1993-07-01,7,7.22
1993-08-01,7,7.01
1993-09-01,7,6.86
1993-10-01,7,5.94
1993-11-01,7,6.32
1993-12-01,7,6.02
1994-01-01,7,6.05
1994-02-01,7,5.83
1994-03-01,7,5.13
1994-04-01,7,5.18
1994-05-01,7,4.03
1994-06-01,7,4.11
1994-07-01,7,4.61
1994-08-01,7,4.89
1994-09-01,7,4.62
1994-10-01,7,4.59
1994-11-01,7,4.21
1994-12-01,7,3.79
1995-01-01,7,3.55
1995-02-01,7,3.11
1995-03-01,7,4.17
1995-04-01,7,5.48
1995-05-01,7,6.26
1995-06-01,7,5.24
1995-07-01,7,5.72
1995-08-01,7,5.47
1995-09-01,7,5.71
1995-10-01,7,6.36
1995-11-01,7,5.78
1995-12-01,7,5.18
1996-01-01,7,5.31
1996-02-01,7,4.99
1996-03-01,7,4.6
1996-04-01,7,3.72
1996-05-01,7,4.75
1996-06-01,7,3.7
1996-07-01,7,3.13
1996-08-01,7,2.45
1996-09-01,7,3.59
1996-10-01,7,4.48
1996-11-01,7,4.86
1996-12-01,7,5.21
1997-01-01,7,5.85
1997-02-01,7,5.9
1997-03-01,7,5.48
1997-04-01,7,5.61
1997-05-01,7,5.06
1997-06-01,7,4.02
1997-07-01,7,5.02
1997-08-01,7,4.6
1997-09-01,7,4.6
1997-10-01,7,4.63
1997-11-01,7,3.95
1997-12-01,7,3.33
1998-01-01,7,3.13
1998-02-01,7,2.89
1998-03-01,7,2.94
1998-04-01,7,2.77
1998-05-01,7,2.61
1998-06-01,7,2.51
1998-07-01,7,2.62
1998-08-01,7,3.08
1998-09-01,7,1.74
1998-10-01,7,4.14
1998-11-01,7,4.4
1998-12-01,7,4.03
1999-01-01,7,3.98
1999-02-01,7,3.66
1999-03-01,7,3.42
1999-04-01,7,3.79
1999-05-01,7,3.87
1999-06-01,7,4.16
1999-07-01,7,4.24
1999-08-01,7,4.24
1999-09-01,7,4.65
1999-10-01,7,-0.31
1999-11-01,7,-1.08
1999-12-01,7,-1.27
2000-01-01,7,-1.33
2000-02-01,7,-1.24
2000-03-01,7,-1.96
2000-04-01,7,-2.01
2000-05-01,7,-1.33
2000-06-01,7,-1.45
2000-07-01,7,-1.11
2000-08-01,7,-1.31
2000-09-01,7,-1.94
2000-10-01,7,-2.05
2000-11-01,7,1.3
2000-12-01,7,1.31
2001-01-01,7,2.01
2001-02-01,7,2.55
2001-03-01,7,2.35
2001-04-01,7,4.47
2001-05-01,7,4.06
2001-06-01,7,4.04
2001-07-01,7,4.04
2001-08-01,7,-0.92
2001-09-01,7,-0.68
2001-10-01,7,-0.93
2001-11-01,7,-0.58
2001-12-01,7,-0.92
2002-01-01,7,-0.91
2002-02-01,7,-1.21
2002-03-01,7,-1.18
2002-04-01,7,-1.46
2002-05-01,7,-1.5
2002-06-01,7,-2.39
2002-07-01,7,-3.06
2002-08-01,7,-1.7
2002-09-01,7,-2.23
2002-10-01,7,-1.31
2002-11-01,7,-1.69
2002-12-01,7,-1.73
2003-01-01,7,-1.78
2003-02-01,7,-1.43
2003-03-01,7,-1.89
2003-04-01,7,-2.01
2003-05-01,7,-1.87
2003-06-01,7,-1.46
2003-07-01,7,-1.64
2003-08-01,7,-2.18
2003-09-01,7,-2.11
2003-10-01,7,-2.31
2003-11-01,7,-2.11
2003-12-01,7,-2.16
2004-01-01,7,-2.14
2004-02-01,7,-2.21
2004-03-01,7,-2.16
2004-04-01,7,-2.58
2004-05-01,7,1.02
2004-06-01,7,1.09
2004-07-01,7,1.76
2004-08-01,7,1.83
2004-09-01,7,3.65
2004-10-01,7,4.53
2004-11-01,7,4.08
2004-12-01,7,3.68
2005-01-01,7,3.49
2005-02-01,7,3.47
2005-03-01,7,3.16
2005-04-01,7,2.55
2005-05-01,7,2.7
2005-06-01,7,3.46
2005-07-01,7,3.24
2005-08-01,7,3.06
2005-09-01,7,4.7
2005-10-01,7,4.27
2005-11-01,7,4.7
2005-12-01,7,4.92
2006-01-01,7,4.46
2006-02-01,7,4.07
2006-03-01,7,4.2
2006-04-01,7,3.83
2006-05-01,7,-0.52
2006-06-01,7,-1.29
2006-07-01,7,-2.45
2006-08-01,7,0.85
2006-09-01,7,2.3
2006-10-01,7,1.67
2006-11-01,7,1.16
2006-12-01,7,1.45
2007-01-01,7,1.09
2007-02-01,7,1.47
2007-03-01,7,1.97
2007-04-01,7,2.82
2007-05-01,7,3.97
2007-06-01,7,3.61
2007-07-01,7,2.45
2007-08-01,7,3.66
2007-09-01,7,3.42
2007-10-01,7,4.16
2007-11-01,7,3.3
2007-12-01,7,3.19
2008-01-01,7,2.66
2008-02-01,7,2.12
2008-03-01,7,2.03
2008-04-01,7,2.16
2008-05-01,7,2.14
2008-06-01,7,2.67
2008-07-01,7,3.14
2008-08-01,7,2.62
2008-09-01,7,2.84
2008-10-01,7,4.17
2008-11-01,7,4.12
2008-12-01,7,4.42
2009-01-01,7,4.38
2009-02-01,7,4.39
2009-03-01,7,4.99
2009-04-01,7,4.54
2009-05-01,7,3.78
2009-06-01,7,3.65
2009-07-01,7,4.58
2009-08-01,7,4.66
2009-09-01,7,4.41
2009-10-01,7,6.71
2009-11-01,7,5.79
2009-12-01,7,6.26
2010-01-01,7,6.28
2010-02-01,7,6.25
2010-03-01,7,6.18
2010-04-01,7,5.42
2010-05-01,7,5.31
2010-06-01,7,6.77
2010-07-01,7,8.14
2010-08-01,7,8.08
2010-09-01,7,9.63
2010-10-01,7,8.78
2010-11-01,7,7.89
2010-12-01,7,8.27
2011-01-01,7,8.45
2011-02-01,7,8.57
2011-03-01,7,8.39
2011-04-01,7,8.11
2011-05-01,7,8.37
2011-06-01,7,8.06
2011-07-01,7,8.14
2011-08-01,7,0.0
2011-09-01,7,-0.66
2011-10-01,7,-1.0
2011-11-01,7,-1.4
2011-12-01,7,-1.56
2012-01-01,7,-1.49
2012-02-01,7,-0.64
2012-03-01,7,-1.75
2012-04-01,7,-1.13
2012-05-01,7,-0.56
2012-06-01,7,-1.2
2012-07-01,7,-2.29
2012-08-01,7,-2.66
2012-09-01,7,-3.43
2012-10-01,7,-3.06
2012-11-01,7,-3.24
2012-12-01,7,0.38
2013-01-01,7,0.12
2013-02-01,7,0.37
2013-03-01,7,-0.34
2013-04-01,7,0.55
2013-05-01,7,1.49
2013-06-01,7,2.24
2013-07-01,7,2.46
2013-08-01,7,1.92
2013-09-01,7,1.65
2013-10-01,7,3.34
2013-11-01,7,2.89
2013-12-01,7,3.04
2014-01-01,7,2.83
2014-02-01,7,2.58
2014-03-01,7,2.52
2014-04-01,7,2.37
2014-05-01,7,2.14
2014-06-01,7,3.08
2014-07-01,7,2.77
2014-08-01,7,3.31
2014-09-01,7,-0.33
2014-10-01,7,-0.77
2014-11-01,7,-0.68
2014-12-01,7,-0.38
2015-01-01,7,-0.39
2015-02-01,7,-0.49
2015-03-01,7,-1.2
2015-04-01,7,-2.19
2015-05-01,7,0.66
2015-06-01,7,0.52
2015-07-01,7,1.13
2015-08-01,7,2.77
2015-09-01,7,2.3
2015-10-01,7,2.05
2015-11-01,7,2.08
2015-12-01,7,2.61
2016-01-01,7,2.38
2016-02-01,7,2.29
2016-03-01,7,1.8
2016-04-01,7,2.24
2016-05-01,7,2.28
2016-06-01,7,1.36
2016-07-01,7,1.33
2016-08-01,7,2.32
2016-09-01,7,2.41
2016-10-01,7,2.29
2016-11-01,7,2.15
2016-12-01,7,2.7
2017-01-01,7,2.59
2017-02-01,7,2.14
2017-03-01,7,1.83
2017-04-01,7,1.41
2017-05-01,7,1.3
2017-06-01,7,0.73
2017-07-01,7,1.29
2017-08-01,7,2.22
2017-09-01,7,3.42
2017-10-01,7,3.73
2017-11-01,7,3.15
2017-12-01,7,2.88
2018-01-01,7,2.55
2018-02-01,7,2.68
2018-03-01,7,3.19
2018-04-01,7,3.5
2018-05-01,7,2.4
2018-06-01,7,2.21
2018-07-01,7,2.81
2018-08-01,7,2.85
2018-09-01,7,3.41
2018-10-01,7,3.7
2018-11-01,7,3.6
2018-12-01,7,3.73
2019-01-01,7,3.75
2019-02-01,7,4.12
2019-03-01,7,5.11
2019-04-01,7,5.77
2019-05-01,7,6.86
2019-06-01,7,5.85
2019-07-01,7,7.55
2019-08-01,7,8.82
2019-09-01,7,10.27
2019-10-01,7,10.41
2019-11-01,7,9.97
2019-12-01,7,9.99
2020-01-01,7,9.41
2020-02-01,7,8.78
2020-03-01,7,8.02
2020-04-01,7,6.96
2020-05-01,7,6.42
2020-06-01,7,6.33
2020-07-01,7,6.49
2020-08-01,7,6.31
2020-09-01,7,-0.45
2020-10-01,7,-0.33
2020-11-01,7,-0.43
2020-12-01,7,-0.41
2021-01-01,7,-0.29
2021-02-01,7,-0.43
2021-03-01,7,-0.34
2021-04-01,7,-0.28
2021-05-01,7,-0.66
2021-06-01,7,-2.19
2021-07-01,7,-2.27
2021-08-01,7,-2.27
2021-09-01,7,0.47
2021-10-01,7,2.24
2021-11-01,7,1.84
2021-12-01,7,1.91
2022-01-01,7,1.8
2022-02-01,7,1.52
2022-03-01,7,1.08
2022-04-01,7,1.76
2022-05-01,7,2.86
2022-06-01,7,-0.85
2022-07-01,7,-0.11
2022-08-01,7,-0.36
2022-09-01,7,-1.25
2022-10-01,7,-1.67
2022-11-01,7,-1.57
2022-12-01,7,1.02
2023-01-01,7,1.07
2023-02-01,7,1.3
2023-03-01,7,1.23
2023-04-01,7,-0.07
2023-05-01,7,-0.81
2023-06-01,7,-1.13
2023-07-01,7,-1.13
2023-08-01,7,0.72
2023-09-01,7,0.64
2023-10-01,7,1.74
2023-11-01,7,1.13
2023-12-01,7,2.11
2024-01-01,7,2.06
2024-02-01,7,1.93
2024-03-01,7,1.57
2024-04-01,7,2.73
2024-05-01,7,3.25
2024-06-01,7,4.36
2024-07-01,7,3.94
2024-08-01,7,4.33
2024-09-01,7,2.92
2024-10-01,7,1.71
2024-11-01,7,2.24
2024-12-01,7,2.08
2025-01-01,7,1.55
2025-02-01,7,1.09
2025-03-01,7,0.66
2025-04-01,7,0.67
2025-05-01,7,0.8
2025-06-01,7,1.1
2025-07-01,7,1.74
2025-08-01,7,3.43
2025-09-01,7,3.29
2025-10-01,7,2.58
2025-11-01,7,2.68
2025-12-01,7,2.61
2026-01-01,7,-0.14
2026-02-01,7,-0.29
2026-03-01,7,-0.74
2026-04-01,7,-0.69
2026-05-01,7,-1.22
2026-06-01,7,-1.05
2026-07-01,7,-0.68
2026-08-01,7,
2026-09-01,7,
2026-10-01,7,
2026-11-01,7,
2026-12-01,7,
1895-01-01,8,0.29
1895-02-01,8,0.75
1895-03-01,8,1.31
1895-04-01,8,1.77
1895-05-01,8,-0.69
1895-06-01,8,0.78
1895-07-01,8,-0.21
1895-08-01,8,-0.68
1895-09-01,8,-1.14
1895-10-01,8,-1.59
1895-11-01,8,-1.2
1895-12-01,8,-1.44
1896-01-01,8,-1.48
1896-02-01,8,-1.69
1896-03-01,8,-1.59
1896-04-01,8,-0.57
1896-05-01,8,-1.61
1896-06-01,8,0.28
1896-07-01,8,0.49
1896-08-01,8,-0.64
1896-09-01,8,0.01
1896-10-01,8,0.03
1896-11-01,8,0.36
1896-12-01,8,0.03
1897-01-01,8,0.87
1897-02-01,8,0.84
1897-03-01,8,1.37
1897-04-01,8,1.78
1897-05-01,8,-0.76
1897-06-01,8,-1.01
1897-07-01,8,-0.97
1897-08-01,8,-0.99
1897-09-01,8,-1.64
1897-10-01,8,-1.08
1897-11-01,8,-0.87
1897-12-01,8,-0.77
1898-01-01,8,-0.88
1898-02-01,8,-1.13
1898-03-01,8,-1.5
1898-04-01,8,-1.82
1898-05-01,8,1.61
1898-06-01,8,0.78
1898-07-01,8,1.48
1898-08-01,8,-0.12
1898-09-01,8,-0.73
1898-10-01,8,-1.04
1898-11-01,8,-1.08
1898-12-01,8,-1.27
1899-01-01,8,-0.93
1899-02-01,8,-1.05
1899-03-01,8,-0.72
1899-04-01,8,-1.09
1899-05-01,8,0.49
1899-06-01,8,-0.1
1899-07-01,8,-0.33
1899-08-01,8,-0.48
1899-09-01,8,-1.32
1899-10-01,8,-1.43
1899-11-01,8,-1.87
1899-12-01,8,-1.96
1900-01-01,8,-2.21
1900-02-01,8,-2.37
1900-03-01,8,-2.74
1900-04-01,8,-2.65
1900-05-01,8,-3.63
1900-06-01,8,-4.22
1900-07-01,8,-2.73
1900-08-01,8,-2.11
1900-09-01,8,-2.21
1900-10-01,8,-2.28
1900-11-01,8,-2.37
1900-12-01,8,-2.51
1901-01-01,8,-2.63
1901-02-01,8,-2.29
1901-03-01,8,-2.27
1901-04-01,8,-2.37
1901-05-01,8,-3.11
1901-06-01,8,1.38
1901-07-01,8,0.77
1901-08-01,8,0.94
1901-09-01,8,1.88
1901-10-01,8,2.39
1901-11-01,8,-0.36
1901-12-01,8,0.27
1902-01-01,8,0.17
1902-02-01,8,0.16
1902-03-01,8,0.36
1902-04-01,8,-0.19
1902-05-01,8,-0.82
1902-06-01,8,-1.03
1902-07-01,8,-1.25
1902-08-01,8,1.28
1902-09-01,8,-0.08
1902-10-01,8,-0.43
1902-11-01,8,-0.58
1902-12-01,8,1.13
1903-01-01,8,0.98
1903-02-01,8,1.35
1903-03-01,8,-0.14
1903-04-01,8,-0.3
1903-05-01,8,-0.35
1903-06-01,8,-0.73
1903-07-01,8,0.9
1903-08-01,8,1.24
1903-09-01,8,1.46
1903-10-01,8,-0.47
1903-11-01,8,-0.42
1903-12-01,8,-0.45
1904-01-01,8,-0.43
1904-02-01,8,-0.52
1904-03-01,8,-1.15
1904-04-01,8,-1.43
1904-05-01,8,-2.12
1904-06-01,8,-2.02
1904-07-01,8,-1.7
1904-08-01,8,-1.88
1904-09-01,8,-2.37
1904-10-01,8,-2.21
1904-11-01,8,-2.58
1904-12-01,8,-2.51
1905-01-01,8,-1.85
1905-02-01,8,-1.85
1905-03-01,8,-2.16
1905-04-01,8,-2.0
1905-05-01,8,1.31
1905-06-01,8,2.8
1905-07-01,8,3.94
1905-08-01,8,4.31
1905-09-01,8,3.6
1905-10-01,8,3.84
1905-11-01,8,3.41
1905-12-01,8,2.74
1906-01-01,8,2.49
1906-02-01,8,2.04
1906-03-01,8,2.12
1906-04-01,8,3.1
1906-05-01,8,3.12
1906-06-01,8,2.62
1906-07-01,8,2.04
1906-08-01,8,3.3
1906-09-01,8,3.55
1906-10-01,8,4.4
1906-11-01,8,3.94
1906-12-01,8,3.95
1907-01-01,8,4.28
1907-02-01,8,4.1
1907-03-01,8,3.19
1907-04-01,8,2.82
1907-05-01,8,3.3
1907-06-01,8,2.87
1907-07-01,8,4.57
1907-08-01,8,4.28
1907-09-01,8,4.22
1907-10-01,8,3.61
1907-11-01,8,2.8
1907-12-01,8,2.67
1908-01-01,8,2.1
1908-02-01,8,1.9
1908-03-01,8,1.35
1908-04-01,8,0.64
1908-05-01,8,1.23
1908-06-01,8,2.16
1908-07-01,8,2.63
1908-08-01,8,3.12
1908-09-01,8,2.4
1908-10-01,8,3.39
1908-11-01,8,3.05
1908-12-01,8,3.27
1909-01-01,8,3.21
1909-02-01,8,3.56
1909-03-01,8,3.28
1909-04-01,8,3.26
1909-05-01,8,3.48
1909-06-01,8,2.88
1909-07-01,8,2.79
1909-08-01,8,3.03
1909-09-01,8,2.47
1909-10-01,8,1.92
1909-11-01,8,2.19
1909-12-01,8,2.97
1910-01-01,8,3.32
1910-02-01,8,-0.11
1910-03-01,8,-0.99
1910-04-01,8,-1.83
1910-05-01,8,-2.12
1910-06-01,8,-2.52
1910-07-01,8,-3.03
1910-08-01,8,-2.97
1910-09-01,8,-2.85
1910-10-01,8,-3.1
1910-11-01,8,-3.02
1910-12-01,8,-2.58
1911-01-01,8,-2.56
1911-02-01,8,-2.2
1911-03-01,8,-3.1
1911-04-01,8,-2.59
1911-05-01,8,-2.98
1911-06-01,8,-4.12
1911-07-01,8,-4.22
1911-08-01,8,0.47
1911-09-01,8,0.78
1911-10-01,8,2.23
1911-11-01,8,2.11
1911-12-01,8,2.15
1912-01-01,8,2.17
1912-02-01,8,1.91
1912-03-01,8,1.87
1912-04-01,8,2.11
1912-05-01,8,1.69
1912-06-01,8,0.75
1912-07-01,8,1.51
1912-08-01,8,2.54
1912-09-01,8,2.38
1912-10-01,8,-0.35
1912-11-01,8,-0.93
1912-12-01,8,-1.15
1913-01-01,8,-1.26
1913-02-01,8,-1.26
1913-03-01,8,-0.92
1913-04-01,8,-0.69
1913-05-01,8,-0.58
1913-06-01,8,-1.69
1913-07-01,8,-1.43
1913-08-01,8,-1.61
1913-09-01,8,-1.79
1913-10-01,8,-1.91
1913-11-01,8,-2.2
1913-12-01,8,0.27
1914-01-01,8,-0.33
1914-02-01,8,0.3
1914-03-01,8,-0.31
1914-04-01,8,0.61
1914-05-01,8,0.49
1914-06-01,8,0.41
1914-07-01,8,0.18
1914-08-01,8,0.58
1914-09-01,8,0.72
1914-10-01,8,1.32
1914-11-01,8,0.67
1914-12-01,8,0.7
1915-01-01,8,0.81
1915-02-01,8,2.19
1915-03-01,8,2.35
1915-04-01,8,2.79
1915-05-01,8,3.48
1915-06-01,8,4.73
1915-07-01,8,7.15
1915-08-01,8,7.19
1915-09-01,8,8.39
1915-10-01,8,8.1
1915-11-01,8,7.34
1915-12-01,8,6.93
1916-01-01,8,7.17
1916-02-01,8,6.5
1916-03-01,8,5.72
1916-04-01,8,5.05
1916-05-01,8,4.92
1916-06-01,8,5.23
1916-07-01,8,5.14
1916-08-01,8,5.53
1916-09-01,8,4.6
1916-10-01,8,4.03
1916-11-01,8,3.43
1916-12-01,8,3.19
1917-01-01,8,3.44
1917-02-01,8,3.03
1917-03-01,8,2.95
1917-04-01,8,3.12
1917-05-01,8,4.33
1917-06-01,8,-0.33
1917-07-01,8,-0.35
1917-08-01,8,-0.56
1917-09-01,8,-0.53
1917-10-01,8,-0.88
1917-11-01,8,-1.5
1917-12-01,8,-1.23
1918-01-01,8,-0.37
1918-02-01,8,-0.23
1918-03-01,8,-0.78
1918-04-01,8,-0.24
1918-05-01,8,-0.07
1918-06-01,8,-0.87
1918-07-01,8,-0.42
1918-08-01,8,-0.16
1918-09-01,8,-0.2
1918-10-01,8,-0.53
1918-11-01,8,-0.58
1918-12-01,8,0.84
1919-01-01,8,0.53
1919-02-01,8,1.17
1919-03-01,8,0.9
1919-04-01,8,1.62
1919-05-01,8,1.61
1919-06-01,8,1.84
1919-07-01,8,2.26
1919-08-01,8,1.63
1919-09-01,8,1.22
1919-10-01,8,2.12
1919-11-01,8,3.37
1919-12-01,8,3.16
1920-01-01,8,2.92
1920-02-01,8,3.06
1920-03-01,8,3.2
1920-04-01,8,5.14
1920-05-01,8,5.96
1920-06-01,8,6.22
1920-07-01,8,6.15
1920-08-01,8,6.04
1920-09-01,8,5.23
1920-10-01,8,4.45
1920-11-01,8,5.28
1920-12-01,8,5.42
1921-01-01,8,5.06
1921-02-01,8,4.47
1921-03-01,8,3.96
1921-04-01,8,3.2
1921-05-01,8,3.48
1921-06-01,8,2.31
1921-07-01,8,2.7
1921-08-01,8,2.86
1921-09-01,8,3.33
1921-10-01,8,3.21
1921-11-01,8,2.86
1921-12-01,8,2.6
1922-01-01,8,2.9
1922-02-01,8,2.66
1922-03-01,8,2.07
1922-04-01,8,1.46
1922-05-01,8,1.32
1922-06-01,8,1.34
1922-07-01,8,2.28
1922-08-01,8,2.45
1922-09-01,8,1.41
1922-10-01,8,1.05
1922-11-01,8,2.38
1922-12-01,8,2.45
1923-01-01,8,2.37
1923-02-01,8,1.92
1923-03-01,8,1.58
1923-04-01,8,1.25
1923-05-01,8,1.36
1923-06-01,8,2.11
1923-07-01,8,3.26
1923-08-01,8,4.12
1923-09-01,8,4.31
1923-10-01,8,4.21
1923-11-01,8,3.49
1923-12-01,8,3.09
1924-01-01,8,2.65
1924-02-01,8,2.84
1924-03-01,8,2.79
1924-04-01,8,1.88
1924-05-01,8,0.88
1924-06-01,8,1.58
1924-07-01,8,1.49
1924-08-01,8,1.77
1924-09-01,8,2.03
1924-10-01,8,1.75
1924-11-01,8,1.35
1924-12-01,8,1.71
1925-01-01,8,0.01
1925-02-01,8,-0.26
1925-03-01,8,-1.22
1925-04-01,8,-2.07
1925-05-01,8,-3.12
1925-06-01,8,-2.61
1925-07-01,8,-2.85
1925-08-01,8,-3.39
1925-09-01,8,-3.9
1925-10-01,8,-3.24
1925-11-01,8,-3.17
1925-12-01,8,-2.79
1926-01-01,8,-1.86
1926-02-01,8,-2.0
1926-03-01,8,-2.47
1926-04-01,8,-3.34
1926-05-01,8,-3.85
1926-06-01,8,-4.01
1926-07-01,8,-4.23
1926-08-01,8,-4.46
1926-09-01,8,-3.77
1926-10-01,8,-3.36
1926-11-01,8,-3.12
1926-12-01,8,-3.01
1927-01-01,8,-2.94
1927-02-01,8,-3.04
1927-03-01,8,0.43
1927-04-01,8,2.25
1927-05-01,8,3.17
1927-06-01,8,2.63
1927-07-01,8,2.71
1927-08-01,8,2.79
1927-09-01,8,-0.36
1927-10-01,8,-0.41
1927-11-01,8,-0.42
1927-12-01,8,-0.2
1928-01-01,8,-0.5
1928-02-01,8,-0.72
1928-03-01,8,-0.94
1928-04-01,8,-1.52
1928-05-01,8,-2.19
1928-06-01,8,-2.04
1928-07-01,8,-2.19
1928-08-01,8,-2.52
1928-09-01,8,-2.7
1928-10-01,8,0.33
1928-11-01,8,0.53
1928-12-01,8,0.18
1929-01-01,8,0.19
1929-02-01,8,0.16
1929-03-01,8,0.23
1929-04-01,8,0.62
1929-05-01,8,0.44
1929-06-01,8,0.62
1929-07-01,8,0.62
1929-08-01,8,0.21
1929-09-01,8,1.02
1929-10-01,8,2.53
1929-11-01,8,2.58
1929-12-01,8,2.19
1930-01-01,8,2.18
1930-02-01,8,2.06
1930-03-01,8,1.71
1930-04-01,8,2.3
1930-05-01,8,2.52
1930-06-01,8,2.34
1930-07-01,8,1.67
1930-08-01,8,1.45
1930-09-01,8,0.87
1930-10-01,8,1.87
1930-11-01,8,2.5
1930-12-01,8,2.07
1931-01-01,8,1.96
1931-02-01,8,1.54
1931-03-01,8,1.87
1931-04-01,8,-0.7
1931-05-01,8,-0.86
1931-06-01,8,-1.7
1931-07-01,8,-2.25
1931-08-01,8,-2.47
1931-09-01,8,-2.66
1931-10-01,8,-2.71
1931-11-01,8,0.0
1931-12-01,8,0.45
1932-01-01,8,0.31
1932-02-01,8,0.12
1932-03-01,8,0.23
1932-04-01,8,0.09
1932-05-01,8,0.09
1932-06-01,8,1.02
1932-07-01,8,1.03
1932-08-01,8,-0.14
1932-09-01,8,-0.59
1932-10-01,8,-0.26
1932-11-01,8,-0.67
1932-12-01,8,-0.79
1933-01-01,8,-1.1
1933-02-01,8,-1.28
1933-03-01,8,-1.04
1933-04-01,8,-1.34
1933-05-01,8,-1.02
1933-06-01,8,-2.64
1933-07-01,8,-3.41
1933-08-01,8,-3.16
1933-09-01,8,-3.85
1933-10-01,8,-4.27
1933-11-01,8,-4.32
1933-12-01,8,-3.74
1934-01-01,8,-3.64
1934-02-01,8,-3.49
1934-03-01,8,-3.45
1934-04-01,8,-4.11
1934-05-01,8,-5.86
1934-06-01,8,-6.6
1934-07-01,8,-7.39
1934-08-01,8,-7.27
1934-09-01,8,-6.32
1934-10-01,8,-5.51
1934-11-01,8,-5.5
1934-12-01,8,-5.23
1935-01-01,8,-4.88
1935-02-01,8,-4.31
1935-03-01,8,-4.55
1935-04-01,8,-2.58
1935-05-01,8,-1.54
1935-06-01,8,-1.18
1935-07-01,8,-1.09
1935-08-01,8,-1.91
1935-09-01,8,-2.56
1935-10-01,8,-2.88
1935-11-01,8,-2.82
1935-12-01,8,-2.5
1936-01-01,8,-1.87
1936-02-01,8,-1.19
1936-03-01,8,-1.29
1936-04-01,8,-1.18
1936-05-01,8,-1.85
1936-06-01,8,-2.91
1936-07-01,8,-4.66
1936-08-01,8,-5.41
1936-09-01,8,-5.39
1936-10-01,8,-5.3
1936-11-01,8,-4.33
1936-12-01,8,-4.07
1937-01-01,8,-3.24
1937-02-01,8,-3.12
1937-03-01,8,-2.73
1937-04-01,8,-2.83
1937-05-01,8,-3.03
1937-06-01,8,-2.92
1937-07-01,8,-3.11
1937-08-01,8,-3.49
1937-09-01,8,-3.85
1937-10-01,8,-3.87
1937-11-01,8,-3.74
1937-12-01,8,-3.49
1938-01-01,8,-3.26
1938-02-01,8,0.03
1938-03-01,8,0.06
1938-04-01,8,1.3
1938-05-01,8,1.91
1938-06-01,8,-0.38
1938-07-01,8,-0.51
1938-08-01,8,-1.1
1938-09-01,8,-1.32
1938-10-01,8,-2.21
1938-11-01,8,-2.22
1938-12-01,8,-2.41
1939-01-01,8,-1.33
1939-02-01,8,-1.0
1939-03-01,8,-1.59
1939-04-01,8,-2.1
1939-05-01,8,-2.25
1939-06-01,8,-2.43
1939-07-01,8,-3.04
1939-08-01,8,-3.28
1939-09-01,8,-3.14
1939-10-01,8,-2.63
1939-11-01,8,-3.07
1939-12-01,8,-2.8
1940-01-01,8,-2.73
1940-02-01,8,-2.57
1940-03-01,8,-1.97
1940-04-01,8,-1.61
1940-05-01,8,-2.72
1940-06-01,8,-3.14
1940-07-01,8,-4.05
1940-08-01,8,-4.53
1940-09-01,8,-5.04
1940-10-01,8,-5.29
1940-11-01,8,-4.54
1940-12-01,8,-4.13
1941-01-01,8,-3.55
1941-02-01,8,-3.4
1941-03-01,8,-3.57
1941-04-01,8,-2.8
1941-05-01,8,-3.55
1941-06-01,8,-2.77
1941-07-01,8,-2.8
1941-08-01,8,-2.76
1941-09-01,8,0.64
1941-10-01,8,2.25
1941-11-01,8,1.79
1941-12-01,8,1.66
1942-01-01,8,1.26
1942-02-01,8,1.42
1942-03-01,8,2.07
1942-04-01,8,2.95
1942-05-01,8,5.17
1942-06-01,8,5.31
1942-07-01,8,5.24
1942-08-01,8,-0.1
1942-09-01,8,0.12
1942-10-01,8,-0.43
1942-11-01,8,-0.72
1942-12-01,8,-0.89
1943-01-01,8,-0.96
1943-02-01,8,-1.23
1943-03-01,8,-1.55
1943-04-01,8,-2.37
1943-05-01,8,-2.7
1943-06-01,8,-2.4
1943-07-01,8,-3.33
1943-08-01,8,-3.74
1943-09-01,8,-3.97
1943-10-01,8,-3.17
1943-11-01,8,-3.18
1943-12-01,8,-3.3
1944-01-01,8,0.69
1944-02-01,8,0.75
1944-03-01,8,0.4
1944-04-01,8,0.37
1944-05-01,8,0.67
1944-06-01,8,2.06
1944-07-01,8,3.49
1944-08-01,8,4.91
1944-09-01,8,4.09
1944-10-01,8,3.34
1944-11-01,8,4.29
1944-12-01,8,3.8
1945-01-01,8,3.68
1945-02-01,8,3.53
1945-03-01,8,3.04
1945-04-01,8,2.62
1945-05-01,8,2.13
1945-06-01,8,2.51
1945-07-01,8,3.03
1945-08-01,8,3.68
1945-09-01,8,3.39
1945-10-01,8,-0.49
1945-11-01,8,-0.82
1945-12-01,8,-0.95
1946-01-01,8,-1.2
1946-02-01,8,-1.3
1946-03-01,8,-1.15
1946-04-01,8,-2.06
1946-05-01,8,-1.46
1946-06-01,8,-1.06
1946-07-01,8,-1.75
1946-08-01,8,-1.62
1946-09-01,8,1.94
1946-10-01,8,3.28
1946-11-01,8,3.41
1946-12-01,8,3.27
1947-01-01,8,3.3
1947-02-01,8,3.03
1947-03-01,8,2.82
1947-04-01,8,2.77
1947-05-01,8,2.19
1947-06-01,8,3.99
1947-07-01,8,-0.1
1947-08-01,8,-1.12
1947-09-01,8,-1.62
1947-10-01,8,-2.17
1947-11-01,8,1.06
1947-12-01,8,-0.21
1948-01-01,8,-0.28
1948-02-01,8,-0.35
1948-03-01,8,-0.6
1948-04-01,8,-0.88
1948-05-01,8,-1.12
1948-06-01,8,1.3
1948-07-01,8,1.45
1948-08-01,8,1.52
1948-09-01,8,1.14
1948-10-01,8,0.8
1948-11-01,8,0.89
1948-12-01,8,0.81
1949-01-01,8,1.49
1949-02-01,8,1.01
1949-03-01,8,1.43
1949-04-01,8,1.18
1949-05-01,8,1.27
1949-06-01,8,-0.47
1949-07-01,8,-0.94
1949-08-01,8,0.4
1949-09-01,8,0.13
1949-10-01,8,1.42
1949-11-01,8,0.84
1949-12-01,8,0.84
1950-01-01,8,0.67
1950-02-01,8,0.74
1950-03-01,8,1.44
1950-04-01,8,1.36
1950-05-01,8,-0.08
1950-06-01,8,-0.57
1950-07-01,8,0.61
1950-08-01,8,1.87
1950-09-01,8,3.15
1950-10-01,8,2.55
1950-11-01,8,2.28
1950-12-01,8,1.79
1951-01-01,8,1.31
1951-02-01,8,1.4
1951-03-01,8,1.11
1951-04-01,8,0.85
1951-05-01,8,1.12
1951-06-01,8,2.27
1951-07-01,8,2.91
1951-08-01,8,4.18
1951-09-01,8,5.11
1951-10-01,8,5.49
1951-11-01,8,4.95
1951-12-01,8,5.73
1952-01-01,8,5.7
1952-02-01,8,5.9
1952-03-01,8,5.91
1952-04-01,8,4.68
1952-05-01,8,4.75
1952-06-01,8,4.22
1952-07-01,8,3.14
1952-08-01,8,2.71
1952-09-01,8,1.49
1952-10-01,8,0.65
1952-11-01,8,0.9
1952-12-01,8,0.78
1953-01-01,8,0.94
1953-02-01,8,1.92
1953-03-01,8,1.81
1953-04-01,8,3.12
1953-05-01,8,2.63
1953-06-01,8,3.06
1953-07-01,8,3.13
1953-08-01,8,2.87
1953-09-01,8,-0.9
1953-10-01,8,-0.81
1953-11-01,8,-0.92
1953-12-01,8,-0.67
1954-01-01,8,-0.93
1954-02-01,8,-1.39
1954-03-01,8,-1.02
1954-04-01,8,-1.4
1954-05-01,8,-1.79
1954-06-01,8,-0.89
1954-07-01,8,-1.58
1954-08-01,8,-1.19
1954-09-01,8,-1.3
1954-10-01,8,-0.88
1954-11-01,8,-1.03
1954-12-01,8,-1.31
1955-01-01,8,-1.45
1955-02-01,8,-0.85
1955-03-01,8,-1.31
1955-04-01,8,-2.28
1955-05-01,8,-2.5
1955-06-01,8,-2.74
1955-07-01,8,-3.93
1955-08-01,8,-3.9
1955-09-01,8,-3.38
1955-10-01,8,-3.8
1955-11-01,8,-3.65
1955-12-01,8,-2.94
1956-01-01,8,-2.78
1956-02-01,8,-2.79
1956-03-01,8,-2.65
1956-04-01,8,-2.44
1956-05-01,8,-2.91
1956-06-01,8,-4.07
1956-07-01,8,-4.22
1956-08-01,8,0.97
1956-09-01,8,-0.69
1956-10-01,8,-0.86
1956-11-01,8,0.79
1956-12-01,8,0.57
1957-01-01,8,0.41
1957-02-01,8,0.15
1957-03-01,8,0.17
1957-04-01,8,0.74
1957-05-01,8,1.64
1957-06-01,8,2.0
1957-07-01,8,2.58
1957-08-01,8,2.96
1957-09-01,8,2.67
1957-10-01,8,2.96
1957-11-01,8,3.27
1957-12-01,8,2.69
1958-01-01,8,2.42
1958-02-01,8,2.52
1958-03-01,8,2.15
1958-04-01,8,2.85
1958-05-01,8,1.81
1958-06-01,8,1.87
1958-07-01,8,3.08
1958-08-01,8,-0.38
1958-09-01,8,-1.11
1958-10-01,8,-1.79
1958-11-01,8,-1.91
1958-12-01,8,-2.01
1959-01-01,8,-2.01
1959-02-01,8,-1.99
1959-03-01,8,-2.39
1959-04-01,8,-2.73
1959-05-01,8,-2.26
1959-06-01,8,-2.96
1959-07-01,8,-3.49
1959-08-01,8,-4.23
1959-09-01,8,0.82
1959-10-01,8,0.73
1959-11-01,8,0.84
1959-12-01,8,0.5
1960-01-01,8,0.41
1960-02-01,8,0.92
1960-03-01,8,0.64
1960-04-01,8,1.11
1960-05-01,8,1.65
1960-06-01,8,1.77
1960-07-01,8,1.56
1960-08-01,8,1.83
1960-09-01,8,-0.2
1960-10-01,8,-0.81
1960-11-01,8,-0.62
1960-12-01,8,-0.61
1961-01-01,8,-0.8
1961-02-01,8,-0.97
1961-03-01,8,-1.56
1961-04-01,8,-1.99
1961-05-01,8,-1.27
1961-06-01,8,-1.53
1961-07-01,8,-1.36
1961-08-01,8,-1.5
1961-09-01,8,-1.04
1961-10-01,8,-1.26
1961-11-01,8,-1.53
1961-12-01,8,-1.66
1962-01-01,8,-1.75
1962-02-01,8,0.83
1962-03-01,8,0.92
1962-04-01,8,0.12
1962-05-01,8,1.98
1962-06-01,8,3.86
1962-07-01,8,5.8
1962-08-01,8,6.2
1962-09-01,8,5.89
1962-10-01,8,5.38
1962-11-01,8,-0.53
1962-12-01,8,-0.69
1963-01-01,8,-0.43
1963-02-01,8,-0.65
1963-03-01,8,-0.92
1963-04-01,8,-0.9
1963-05-01,8,-1.41
1963-06-01,8,-0.99
1963-07-01,8,-0.62
1963-08-01,8,-1.11
1963-09-01,8,-0.53
1963-10-01,8,-1.06
1963-11-01,8,-1.35
1963-12-01,8,-1.44
1964-01-01,8,-1.59
1964-02-01,8,-1.81
1964-03-01,8,-2.01
1964-04-01,8,-1.0
1964-05-01,8,-1.39
1964-06-01,8,-0.79
1964-07-01,8,-0.7
1964-08-01,8,-0.96
1964-09-01,8,-1.02
1964-10-01,8,-1.68
1964-11-01,8,-1.89
1964-12-01,8,-1.47
1965-01-01,8,-1.37
1965-02-01,8,-1.59
1965-03-01,8,-2.02
1965-04-01,8,-2.13
1965-05-01,8,0.43
1965-06-01,8,0.64
1965-07-01,8,0.66
1965-08-01,8,0.04
1965-09-01,8,1.68
1965-10-01,8,0.01
1965-11-01,8,-0.25
1965-12-01,8,-0.09
1966-01-01,8,-0.19
1966-02-01,8,-0.11
1966-03-01,8,-0.47
1966-04-01,8,-0.26
1966-05-01,8,-1.34
1966-06-01,8,-1.62
1966-07-01,8,-0.02
1966-08-01,8,1.61
1966-09-01,8,2.31
1966-10-01,8,2.19
1966-11-01,8,-0.18
1966-12-01,8,-0.15
1967-01-01,8,-0.2
1967-02-01,8,-0.47
1967-03-01,8,-1.14
1967-04-01,8,-1.92
1967-05-01,8,-2.0
1967-06-01,8,1.25
1967-07-01,8,-0.55
1967-08-01,8,-1.1
1967-09-01,8,-1.0
1967-10-01,8,-1.1
1967-11-01,8,-1.3
1967-12-01,8,-1.25
1968-01-01,8,-1.26
1968-02-01,8,-1.45
1968-03-01,8,-2.49
1968-04-01,8,1.11
1968-05-01,8,1.03
1968-06-01,8,2.13
1968-07-01,8,1.92
1968-08-01,8,2.71
1968-09-01,8,2.48
1968-10-01,8,2.02
1968-11-01,8,1.7
1968-12-01,8,2.02
1969-01-01,8,1.79
1969-02-01,8,1.98
1969-03-01,8,-0.32
1969-04-01,8,-1.14
1969-05-01,8,-1.93
1969-06-01,8,-2.13
1969-07-01,8,-1.6
1969-08-01,8,-2.04
1969-09-01,8,-2.34
1969-10-01,8,0.7
1969-11-01,8,-0.31
1969-12-01,8,-0.32
1970-01-01,8,-0.44
1970-02-01,8,-0.77
1970-03-01,8,-0.71
1970-04-01,8,1.1
1970-05-01,8,-0.23
1970-06-01,8,-0.48
1970-07-01,8,-1.09
1970-08-01,8,-1.87
1970-09-01,8,-2.2
1970-10-01,8,0.26
1970-11-01,8,0.58
1970-12-01,8,0.63
1971-01-01,8,0.48
1971-02-01,8,0.85
1971-03-01,8,0.54
1971-04-01,8,1.61
1971-05-01,8,1.78
1971-06-01,8,-0.61
1971-07-01,8,-0.72
1971-08-01,8,-1.09
1971-09-01,8,-1.06
1971-10-01,8,0.94
1971-11-01,8,1.03
1971-12-01,8,0.05
1972-01-01,8,-0.08
1972-02-01,8,-0.3
1972-03-01,8,-0.78
1972-04-01,8,0.66
1972-05-01,8,1.46
1972-06-01,8,1.37
1972-07-01,8,3.02
1972-08-01,8,3.3
1972-09-01,8,2.48
1972-10-01,8,2.38
1972-11-01,8,2.73
1972-12-01,8,2.48
1973-01-01,8,2.49
1973-02-01,8,2.19
1973-03-01,8,2.91
1973-04-01,8,2.79
1973-05-01,8,3.31
1973-06-01,8,2.32
1973-07-01,8,2.19
1973-08-01,8,1.78
1973-09-01,8,3.58
1973-10-01,8,3.68
1973-11-01,8,3.77
1973-12-01,8,-0.04
1974-01-01,8,-0.21
1974-02-01,8,-0.31
1974-03-01,8,-0.59
1974-04-01,8,-0.39
1974-05-01,8,-0.58
1974-06-01,8,-1.06
1974-07-01,8,-1.64
1974-08-01,8,-2.22
1974-09-01,8,-2.54
1974-10-01,8,-2.83
1974-11-01,8,-2.97
1974-12-01,8,-3.08
1975-01-01,8,-2.53
1975-02-01,8,-2.63
1975-03-01,8,-1.85
1975-04-01,8,-1.79
1975-05-01,8,-2.26
1975-06-01,8,-1.79
1975-07-01,8,-2.12
1975-08-01,8,-2.26
1975-09-01,8,-2.65
1975-10-01,8,-2.62
1975-11-01,8,-2.33
1975-12-01,8,-2.14
1976-01-01,8,-1.86
1976-02-01,8,-1.99
1976-03-01,8,-2.48
1976-04-01,8,-2.68
1976-05-01,8,-3.05
1976-06-01,8,-4.31
1976-07-01,8,-4.62
1976-08-01,8,-4.92
1976-09-01,8,-4.62
1976-10-01,8,-4.54
1976-11-01,8,-4.4
1976-12-01,8,-4.14
1977-01-01,8,-3.89
1977-02-01,8,0.62
1977-03-01,8,3.25
1977-04-01,8,3.09
1977-05-01,8,3.82
1977-06-01,8,3.45
1977-07-01,8,3.73
1977-08-01,8,4.56
1977-09-01,8,5.05
1977-10-01,8,5.18
1977-11-01,8,5.01
1977-12-01,8,5.02
1978-01-01,8,4.47
1978-02-01,8,4.57
1978-03-01,8,3.81
1978-04-01,8,4.71
1978-05-01,8,4.58
1978-06-01,8,3.86
1978-07-01,8,4.5
1978-08-01,8,4.53
1978-09-01,8,-0.45
1978-10-01,8,-0.93
1978-11-01,8,-0.87
1978-12-01,8,-0.82
1979-01-01,8,-0.34
1979-02-01,8,-0.63
1979-03-01,8,-0.43
1979-04-01,8,-0.52
1979-05-01,8,-0.68
1979-06-01,8,0.45
1979-07-01,8,1.06
1979-08-01,8,1.17
1979-09-01,8,0.76
1979-10-01,8,1.32
1979-11-01,8,1.31
1979-12-01,8,-0.29
1980-01-01,8,-0.41
1980-02-01,8,-0.57
1980-03-01,8,-0.49
1980-04-01,8,-1.31
1980-05-01,8,-2.13
1980-06-01,8,-2.68
1980-07-01,8,-3.63
1980-08-01,8,-2.64
1980-09-01,8,-3.16
1980-10-01,8,-2.22
1980-11-01,8,-2.33
1980-12-01,8,-1.88
1981-01-01,8,-2.02
1981-02-01,8,-2.21
1981-03-01,8,-2.3
1981-04-01,8,-3.4
1981-05-01,8,-3.18
1981-06-01,8,-3.63
1981-07-01,8,0.76
1981-08-01,8,0.86
1981-09-01,8,0.02
1981-10-01,8,0.67
1981-11-01,8,0.64
1981-12-01,8,0.99
1982-01-01,8,1.16
1982-02-01,8,-0.31
1982-03-01,8,-0.02
1982-04-01,8,-0.3
1982-05-01,8,2.12
1982-06-01,8,2.41
1982-07-01,8,3.43
1982-08-01,8,3.91
1982-09-01,8,4.27
1982-10-01,8,5.84
1982-11-01,8,5.78
1982-12-01,8,5.6
1983-01-01,8,5.07
1983-02-01,8,4.49
1983-03-01,8,5.13
1983-04-01,8,5.14
1983-05-01,8,5.62
1983-06-01,8,5.83
1983-07-01,8,6.45
1983-08-01,8,5.79
1983-09-01,8,4.82
1983-10-01,8,4.24
1983-11-01,8,4.64
1983-12-01,8,4.52
1984-01-01,8,3.89
1984-02-01,8,3.62
1984-03-01,8,3.48
1984-04-01,8,4.2
1984-05-01,8,3.86
1984-06-01,8,3.56
1984-07-01,8,4.34
1984-08-01,8,4.13
1984-09-01,8,3.61
1984-10-01,8,3.52
1984-11-01,8,-0.16
1984-12-01,8,-0.41
1985-01-01,8,0.0
1985-02-01,8,-0.36
1985-03-01,8,-0.64
1985-04-01,8,-1.13
1985-05-01,8,-2.53
1985-06-01,8,-3.05
1985-07-01,8,-3.23
1985-08-01,8,0.52
1985-09-01,8,1.22
1985-10-01,8,0.99
1985-11-01,8,2.0
1985-12-01,8,1.83
1986-01-01,8,1.7
1986-02-01,8,1.53
1986-03-01,8,1.63
1986-04-01,8,2.76
1986-05-01,8,2.8
1986-06-01,8,3.2
1986-07-01,8,3.68
1986-08-01,8,3.69
1986-09-01,8,5.32
1986-10-01,8,5.2
1986-11-01,8,4.96
1986-12-01,8,4.27
1987-01-01,8,3.74
1987-02-01,8,4.34
1987-03-01,8,6.08
1987-04-01,8,-0.66
1987-05-01,8,-0.58
1987-06-01,8,-1.21
1987-07-01,8,-0.85
1987-08-01,8,-0.6
1987-09-01,8,-0.7
1987-10-01,8,-0.88
1987-11-01,8,0.01
1987-12-01,8,0.58
1988-01-01,8,0.85
1988-02-01,8,0.77
1988-03-01,8,0.6
1988-04-01,8,0.37
1988-05-01,8,1.15
1988-06-01,8,-0.1
1988-07-01,8,-0.18
1988-08-01,8,-0.81
1988-09-01,8,-0.24
1988-10-01,8,-0.74
1988-11-01,8,-0.78
1988-12-01,8,-0.78
1989-01-01,8,-1.11
1989-02-01,8,-1.19
1989-03-01,8,-1.32
1989-04-01,8,-1.96
1989-05-01,8,-2.87
1989-06-01,8,-3.78
1989-07-01,8,-4.13
1989-08-01,8,-4.43
1989-09-01,8,0.66
1989-10-01,8,-0.39
1989-11-01,8,-0.61
1989-12-01,8,-0.24
1990-01-01,8,-0.57
1990-02-01,8,-0.71
1990-03-01,8,-0.58
1990-04-01,8,-0.74
1990-05-01,8,1.02
1990-06-01,8,1.21
1990-07-01,8,2.24
1990-08-01,8,2.49
1990-09-01,8,-0.67
1990-10-01,8,-0.79
1990-11-01,8,-1.14
1990-12-01,8,-1.08
1991-01-01,8,-1.18
1991-02-01,8,-0.86
1991-03-01,8,-1.19
1991-04-01,8,0.1
1991-05-01,8,1.62
1991-06-01,8,2.07
1991-07-01,8,1.87
1991-08-01,8,1.45
1991-09-01,8,1.02
1991-10-01,8,1.49
1991-11-01,8,1.93
1991-12-01,8,1.44
1992-01-01,8,1.68
1992-02-01,8,1.64
1992-03-01,8,1.57
1992-04-01,8,-0.49
1992-05-01,8,-1.61
1992-06-01,8,0.25
1992-07-01,8,1.77
1992-08-01,8,2.48
1992-09-01,8,2.48
1992-10-01,8,1.77
1992-11-01,8,1.9
1992-12-01,8,1.54
1993-01-01,8,1.43
1993-02-01,8,1.76
1993-03-01,8,1.31
1993-04-01,8,2.1
1993-05-01,8,1.72
1993-06-01,8,2.8
1993-07-01,8,3.97
1993-08-01,8,4.51
1993-09-01,8,5.13
1993-10-01,8,4.53
1993-11-01,8,4.79
1993-12-01,8,4.63
1994-01-01,8,4.51
1994-02-01,8,4.39
1994-03-01,8,3.42
1994-04-01,8,3.27
1994-05-01,8,2.12
1994-06-01,8,2.48
1994-07-01,8,3.09
1994-08-01,8,3.83
1994-09-01,8,3.35
1994-10-01,8,3.41
1994-11-01,8,3.07
1994-12-01,8,2.83
1995-01-01,8,2.37
1995-02-01,8,2.08
1995-03-01,8,2.21
1995-04-01,8,3.75
1995-05-01,8,5.37
1995-06-01,8,5.29
1995-07-01,8,5.16
1995-08-01,8,4.33
1995-09-01,8,4.33
1995-10-01,8,5.95
1995-11-01,8,5.6
1995-12-01,8,5.03
1996-01-01,8,5.09
1996-02-01,8,4.59
1996-03-01,8,4.23
1996-04-01,8,3.67
1996-05-01,8,5.08
1996-06-01,8,4.03
1996-07-01,8,3.54
1996-08-01,8,2.66
1996-09-01,8,4.98
1996-10-01,8,5.45
1996-11-01,8,5.3
1996-12-01,8,5.33
1997-01-01,8,5.47
1997-02-01,8,5.49
1997-03-01,8,4.61
1997-04-01,8,5.39
1997-05-01,8,5.06
1997-06-01,8,5.31
1997-07-01,8,6.54
1997-08-01,8,6.82
1997-09-01,8,6.37
1997-10-01,8,6.46
1997-11-01,8,5.71
1997-12-01,8,4.97
1998-01-01,8,4.44
1998-02-01,8,3.85
1998-03-01,8,4.2
1998-04-01,8,3.33
1998-05-01,8,2.89
1998-06-01,8,3.89
1998-07-01,8,5.19
1998-08-01,8,5.41
1998-09-01,8,4.55
1998-10-01,8,6.6
1998-11-01,8,6.6
1998-12-01,8,5.94
1999-01-01,8,5.53
1999-02-01,8,5.12
1999-03-01,8,4.49
1999-04-01,8,5.34
1999-05-01,8,5.5
1999-06-01,8,5.83
1999-07-01,8,5.74
1999-08-01,8,5.71
1999-09-01,8,6.56
1999-10-01,8,-0.38
1999-11-01,8,-0.98
1999-12-01,8,-1.09
2000-01-01,8,-0.97
2000-02-01,8,-0.81
2000-03-01,8,-1.48
2000-04-01,8,-1.31
2000-05-01,8,-0.9
2000-06-01,8,-0.86
2000-07-01,8,-0.96
2000-08-01,8,-1.96
2000-09-01,8,-2.54
2000-10-01,8,0.41
2000-11-01,8,0.72
2000-12-01,8,0.62
2001-01-01,8,1.14
2001-02-01,8,1.25
2001-03-01,8,0.76
2001-04-01,8,2.41
2001-05-01,8,2.4
2001-06-01,8,2.2
2001-07-01,8,3.03
2001-08-01,8,-0.57
2001-09-01,8,0.47
2001-10-01,8,0.05
2001-11-01,8,0.46
2001-12-01,8,-0.36
2002-01-01,8,-0.59
2002-02-01,8,-0.85
2002-03-01,8,-0.96
2002-04-01,8,-1.3
2002-05-01,8,-1.51
2002-06-01,8,-2.93
2002-07-01,8,-4.32
2002-08-01,8,-3.68
2002-09-01,8,-3.11
2002-10-01,8,-2.39
2002-11-01,8,-2.57
2002-12-01,8,-2.65
2003-01-01,8,-2.34
2003-02-01,8,-2.16
2003-03-01,8,-2.37
2003-04-01,8,-2.17
2003-05-01,8,-2.0
2003-06-01,8,-1.74
2003-07-01,8,-2.13
2003-08-01,8,-2.83
2003-09-01,8,-3.12
2003-10-01,8,-3.23
2003-11-01,8,-2.72
2003-12-01,8,-2.61
2004-01-01,8,-2.55
2004-02-01,8,-2.43
2004-03-01,8,-1.87
2004-04-01,8,-2.54
2004-05-01,8,-2.14
2004-06-01,8,-1.95
2004-07-01,8,-2.07
2004-08-01,8,-2.14
2004-09-01,8,1.09
2004-10-01,8,1.68
2004-11-01,8,-0.17
2004-12-01,8,-0.52
2005-01-01,8,-0.5
2005-02-01,8,-0.71
2005-03-01,8,-0.91
2005-04-01,8,0.94
2005-05-01,8,1.46
2005-06-01,8,2.83
2005-07-01,8,2.81
2005-08-01,8,-0.11
2005-09-01,8,-0.42
2005-10-01,8,-0.83
2005-11-01,8,-0.74
2005-12-01,8,-0.61
2006-01-01,8,-0.92
2006-02-01,8,-1.05
2006-03-01,8,0.4
2006-04-01,8,0.4
2006-05-01,8,-1.25
2006-06-01,8,-1.78
2006-07-01,8,-3.33
2006-08-01,8,0.11
2006-09-01,8,1.21
2006-10-01,8,0.92
2006-11-01,8,0.69
2006-12-01,8,0.93
2007-01-01,8,0.61
2007-02-01,8,0.88
2007-03-01,8,0.97
2007-04-01,8,1.04
2007-05-01,8,1.81
2007-06-01,8,1.77
2007-07-01,8,0.82
2007-08-01,8,1.86
2007-09-01,8,1.44
2007-10-01,8,3.08
2007-11-01,8,2.36
2007-12-01,8,2.49
2008-01-01,8,2.28
2008-02-01,8,2.06
2008-03-01,8,1.65
2008-04-01,8,1.64
2008-05-01,8,2.17
2008-06-01,8,3.46
2008-07-01,8,3.63
2008-08-01,8,3.15
2008-09-01,8,3.48
2008-10-01,8,3.93
2008-11-01,8,3.9
2008-12-01,8,3.66
2009-01-01,8,3.38
2009-02-01,8,3.69
2009-03-01,8,3.62
2009-04-01,8,3.98
2009-05-01,8,2.8
2009-06-01,8,3.05
2009-07-01,8,4.08
2009-08-01,8,5.62
2009-09-01,8,4.92
2009-10-01,8,6.06
2009-11-01,8,5.1
2009-12-01,8,5.08
2010-01-01,8,4.91
2010-02-01,8,4.61
2010-03-01,8,4.53
2010-04-01,8,4.76
2010-05-01,8,4.53
2010-06-01,8,5.24
2010-07-01,8,5.85
2010-08-01,8,5.71
2010-09-01,8,5.19
2010-10-01,8,4.5
2010-11-01,8,3.76
2010-12-01,8,3.55
2011-01-01,8,3.5
2011-02-01,8,3.9
2011-03-01,8,3.51
2011-04-01,8,3.4
2011-05-01,8,4.01
2011-06-01,8,5.4
2011-07-01,8,6.26
2011-08-01,8,6.9
2011-09-01,8,6.16
2011-10-01,8,5.84
2011-11-01,8,-0.29
2011-12-01,8,-0.44
2012-01-01,8,-0.47
2012-02-01,8,0.62
2012-03-01,8,-1.36
2012-04-01,8,-1.05
2012-05-01,8,-1.62
2012-06-01,8,-2.37
2012-07-01,8,-3.72
2012-08-01,8,-4.58
2012-09-01,8,-5.1
2012-10-01,8,-4.99
2012-11-01,8,-4.95
2012-12-01,8,-4.51
2013-01-01,8,-4.18
2013-02-01,8,0.2
2013-03-01,8,0.06
2013-04-01,8,0.54
2013-05-01,8,1.52
2013-06-01,8,1.42
2013-07-01,8,1.82
2013-08-01,8,2.59
2013-09-01,8,2.02
2013-10-01,8,3.72
2013-11-01,8,3.37
2013-12-01,8,3.33
2014-01-01,8,2.94
2014-02-01,8,2.73
2014-03-01,8,2.25
2014-04-01,8,2.39
2014-05-01,8,2.55
2014-06-01,8,3.44
2014-07-01,8,3.06
2014-08-01,8,4.34
2014-09-01,8,4.08
2014-10-01,8,3.18
2014-11-01,8,2.95
2014-12-01,8,3.23
2015-01-01,8,-0.15
2015-02-01,8,-0.21
2015-03-01,8,-1.29
2015-04-01,8,-1.95
2015-05-01,8,1.19
2015-06-01,8,1.26
2015-07-01,8,1.64
2015-08-01,8,2.38
2015-09-01,8,2.6
2015-10-01,8,2.41
2015-11-01,8,2.74
2015-12-01,8,3.56
2016-01-01,8,3.34
2016-02-01,8,2.91
2016-03-01,8,2.38
2016-04-01,8,3.6
2016-05-01,8,3.57
2016-06-01,8,-0.56
2016-07-01,8,-0.19
2016-08-01,8,-0.15
2016-09-01,8,-0.07
2016-10-01,8,-0.26
2016-11-01,8,-0.71
2016-12-01,8,0.63
2017-01-01,8,1.05
2017-02-01,8,0.99
2017-03-01,8,-0.51
2017-04-01,8,-0.43
2017-05-01,8,-0.09
2017-06-01,8,-1.2
2017-07-01,8,-1.95
2017-08-01,8,1.5
2017-09-01,8,2.15
2017-10-01,8,1.8
2017-11-01,8,1.25
2017-12-01,8,1.11
2018-01-01,8,1.13
2018-02-01,8,1.16
2018-03-01,8,1.28
2018-04-01,8,1.48
2018-05-01,8,1.16
2018-06-01,8,2.23
2018-07-01,8,3.18
2018-08-01,8,3.49
2018-09-01,8,3.75
2018-10-01,8,4.28
2018-11-01,8,4.05
2018-12-01,8,4.55
2019-01-01,8,4.33
2019-02-01,8,4.29
2019-03-01,8,4.88
2019-04-01,8,4.89
2019-05-01,8,6.91
2019-06-01,8,5.87
2019-07-01,8,7.26
2019-08-01,8,8.84
2019-09-01,8,9.84
2019-10-01,8,9.65
2019-11-01,8,9.36
2019-12-01,8,9.65
2020-01-01,8,8.96
2020-02-01,8,8.18
2020-03-01,8,7.62
2020-04-01,8,6.6
2020-05-01,8,6.37
2020-06-01,8,5.91
2020-07-01,8,6.59
2020-08-01,8,6.48
2020-09-01,8,-0.46
2020-10-01,8,-0.37
2020-11-01,8,-0.78
2020-12-01,8,-0.64
2021-01-01,8,-0.62
2021-02-01,8,-0.49
2021-03-01,8,-0.46
2021-04-01,8,-0.52
2021-05-01,8,-0.83
2021-06-01,8,-2.04
2021-07-01,8,-2.23
2021-08-01,8,-2.47
2021-09-01,8,-1.52
2021-10-01,8,-0.87
2021-11-01,8,-1.4
2021-12-01,8,-0.93
2022-01-01,8,-1.13
2022-02-01,8,-1.4
2022-03-01,8,-2.13
2022-04-01,8,-1.66
2022-05-01,8,-1.56
2022-06-01,8,-1.86
2022-07-01,8,-2.04
2022-08-01,8,-2.21
2022-09-01,8,-2.83
2022-10-01,8,-3.01
2022-11-01,8,-2.95
2022-12-01,8,1.22
2023-01-01,8,2.35
2023-02-01,8,2.38
2023-03-01,8,2.13
2023-04-01,8,1.72
2023-05-01,8,1.88
2023-06-01,8,2.09
2023-07-01,8,3.32
2023-08-01,8,4.03
2023-09-01,8,4.44
2023-10-01,8,6.05
2023-11-01,8,5.38
2023-12-01,8,5.58
2024-01-01,8,5.29
2024-02-01,8,5.0
2024-03-01,8,4.52
2024-04-01,8,5.4
2024-05-01,8,4.67
2024-06-01,8,5.13
2024-07-01,8,4.91
2024-08-01,8,-0.02
2024-09-01,8,-1.1
2024-10-01,8,-1.94
2024-11-01,8,-1.63
2024-12-01,8,-1.47
2025-01-01,8,-1.4
2025-02-01,8,-1.55
2025-03-01,8,-1.76
2025-04-01,8,0.08
2025-05-01,8,0.72
2025-06-01,8,0.34
2025-07-01,8,0.58
2025-08-01,8,0.72
2025-09-01,8,1.56
2025-10-01,8,-0.36
2025-11-01,8,-0.67
2025-12-01,8,-0.82
2026-01-01,8,-0.82
2026-02-01,8,-1.29
2026-03-01,8,-2.48
2026-04-01,8,-2.51
2026-05-01,8,-3.34
2026-06-01,8,-2.86
2026-07-01,8,-3.27
2026-08-01,8,
2026-09-01,8,
2026-10-01,8,
2026-11-01,8,
2026-12-01,8,
